{
  "full": {
    "description": "BayesDiff (Full)",
    "ece": 0.03377516360874294,
    "auroc": 0.5,
    "ef_1pct": 0.0,
    "hit_rate": NaN,
    "spearman_rho": NaN,
    "spearman_pval": NaN,
    "rmse": 1.8686613232779667,
    "nll": 2.1939525486154348,
    "n_samples": 48,
    "confidence_threshold": 0.5,
    "y_target": 7.0,
    "ci_auroc": [
      0.5,
      0.5
    ],
    "ci_ef_1pct": [
      0.0,
      5.079999999999988
    ],
    "ci_hit_rate": [
      NaN,
      NaN
    ]
  },
  "A1": {
    "description": "No U_gen (\u03c3\u00b2_total = \u03c3\u00b2_oracle)",
    "ece": 0.03377516360874294,
    "auroc": 0.5,
    "ef_1pct": 0.0,
    "hit_rate": NaN,
    "spearman_rho": NaN,
    "spearman_pval": NaN,
    "rmse": 1.8686613232779667,
    "nll": 2.1939525486154348,
    "n_samples": 48,
    "confidence_threshold": 0.5,
    "y_target": 7.0,
    "ci_auroc": [
      0.5,
      0.5
    ],
    "ci_ef_1pct": [
      0.0,
      5.079999999999988
    ],
    "ci_hit_rate": [
      NaN,
      NaN
    ]
  },
  "A2": {
    "description": "No U_oracle (\u03c3\u00b2_total = \u03c3\u00b2_gen only)",
    "ece": 0.2708333333333333,
    "auroc": 0.5,
    "ef_1pct": 0.0,
    "hit_rate": NaN,
    "spearman_rho": NaN,
    "spearman_pval": NaN,
    "rmse": 1.8686613232779667,
    "nll": 1745947570544.5847,
    "n_samples": 48,
    "confidence_threshold": 0.5,
    "y_target": 7.0,
    "ci_auroc": [
      0.5,
      0.5
    ],
    "ci_ef_1pct": [
      0.0,
      5.079999999999988
    ],
    "ci_hit_rate": [
      NaN,
      NaN
    ]
  },
  "A3": {
    "description": "No calibration (raw P_success)",
    "ece": 0.03377516360874294,
    "auroc": 0.5,
    "ef_1pct": 0.0,
    "hit_rate": NaN,
    "spearman_rho": NaN,
    "spearman_pval": NaN,
    "rmse": 1.8686613232779667,
    "nll": 2.1939525486154348,
    "n_samples": 48,
    "confidence_threshold": 0.5,
    "y_target": 7.0,
    "ci_auroc": [
      0.5,
      0.5
    ],
    "ci_ef_1pct": [
      0.0,
      5.079999999999988
    ],
    "ci_hit_rate": [
      NaN,
      NaN
    ]
  },
  "A4": {
    "description": "Naive covariance (no Ledoit-Wolf)",
    "ece": 0.03377516360874294,
    "auroc": 0.5,
    "ef_1pct": 0.0,
    "hit_rate": NaN,
    "spearman_rho": NaN,
    "spearman_pval": NaN,
    "rmse": 1.8686613232779667,
    "nll": 2.1939525486154348,
    "n_samples": 48,
    "confidence_threshold": 0.5,
    "y_target": 7.0,
    "ci_auroc": [
      0.5,
      0.5
    ],
    "ci_ef_1pct": [
      0.0,
      5.079999999999988
    ],
    "ci_hit_rate": [
      NaN,
      NaN
    ]
  },
  "A5": {
    "description": "No multimodal detection (force K=1)",
    "ece": 0.03377516360874294,
    "auroc": 0.5,
    "ef_1pct": 0.0,
    "hit_rate": NaN,
    "spearman_rho": NaN,
    "spearman_pval": NaN,
    "rmse": 1.8686613232779667,
    "nll": 2.1939525486154348,
    "n_samples": 48,
    "confidence_threshold": 0.5,
    "y_target": 7.0,
    "ci_auroc": [
      0.5,
      0.5
    ],
    "ci_ef_1pct": [
      0.0,
      5.079999999999988
    ],
    "ci_hit_rate": [
      NaN,
      NaN
    ]
  },
  "A7": {
    "description": "No OOD detection",
    "ece": 0.03377516360874294,
    "auroc": 0.5,
    "ef_1pct": 0.0,
    "hit_rate": NaN,
    "spearman_rho": NaN,
    "spearman_pval": NaN,
    "rmse": 1.8686613232779667,
    "nll": 2.1939525486154348,
    "n_samples": 48,
    "confidence_threshold": 0.5,
    "y_target": 7.0,
    "ci_auroc": [
      0.5,
      0.5
    ],
    "ci_ef_1pct": [
      0.0,
      5.079999999999988
    ],
    "ci_hit_rate": [
      NaN,
      NaN
    ]
  }
}