{
  "top2": {
    "val": {
      "mean_weights": {
        "L8": 0.4440212547779083,
        "L6": 0.5559787750244141
      },
      "std_weights": {
        "L8": 0.2279203087091446,
        "L6": 0.2279203087091446
      },
      "cv_weights": {
        "L8": 0.5133094787597656,
        "L6": 0.4099442660808563
      },
      "entropy_mean": 0.570574164390564,
      "entropy_std": 0.1392281949520111,
      "max_entropy": 0.6931471805599453,
      "normalized_entropy": 0.8231645174256308
    },
    "test": {
      "mean_weights": {
        "L8": 0.42674893140792847,
        "L6": 0.5732511878013611
      },
      "std_weights": {
        "L8": 0.2422083169221878,
        "L6": 0.2422083467245102
      },
      "cv_weights": {
        "L8": 0.5675663352012634,
        "L6": 0.42251694202423096
      },
      "entropy_mean": 0.5498590469360352,
      "entropy_std": 0.14794783294200897,
      "max_entropy": 0.6931471805599453,
      "normalized_entropy": 0.7932789202025498
    },
    "interpretation": {
      "max_cv": 0.5675663352012634,
      "weights_vary": true,
      "summary": "Attention weights vary meaningfully across samples (CV > 0.1)"
    }
  },
  "top4": {
    "val": {
      "mean_weights": {
        "L8": 0.276650995016098,
        "L6": 0.13917548954486847,
        "L9": 0.11972764134407043,
        "L5": 0.4644455909729004
      },
      "std_weights": {
        "L8": 0.21168355643749237,
        "L6": 0.15732795000076294,
        "L9": 0.15655291080474854,
        "L5": 0.2143481820821762
      },
      "cv_weights": {
        "L8": 0.7651646137237549,
        "L6": 1.1304285526275635,
        "L9": 1.3075753450393677,
        "L5": 0.46151408553123474
      },
      "entropy_mean": 0.9499268531799316,
      "entropy_std": 0.23173615336418152,
      "max_entropy": 1.3862943611198906,
      "normalized_entropy": 0.685227380144973
    },
    "test": {
      "mean_weights": {
        "L8": 0.2521870732307434,
        "L6": 0.1806623488664627,
        "L9": 0.12815463542938232,
        "L5": 0.4389956593513489
      },
      "std_weights": {
        "L8": 0.20551149547100067,
        "L6": 0.18434150516986847,
        "L9": 0.16172492504119873,
        "L5": 0.232977494597435
      },
      "cv_weights": {
        "L8": 0.8149168491363525,
        "L6": 1.020364761352539,
        "L9": 1.2619514465332031,
        "L5": 0.5307056903839111
      },
      "entropy_mean": 0.9672050476074219,
      "entropy_std": 0.24706287682056427,
      "max_entropy": 1.3862943611198906,
      "normalized_entropy": 0.6976909628530007
    },
    "interpretation": {
      "max_cv": 1.3075753450393677,
      "weights_vary": true,
      "summary": "Attention weights vary meaningfully across samples (CV > 0.1)"
    }
  },
  "all": {
    "val": {
      "mean_weights": {
        "L0": 0.26958146691322327,
        "L1": 0.2455059438943863,
        "L2": 0.07107649743556976,
        "L3": 0.010048274882137775,
        "L4": 0.006221661809831858,
        "L5": 0.01140689104795456,
        "L6": 0.009370218962430954,
        "L7": 0.051474686712026596,
        "L8": 0.20191845297813416,
        "L9": 0.12339591979980469
      },
      "std_weights": {
        "L0": 0.12030734121799469,
        "L1": 0.12593752145767212,
        "L2": 0.07345562428236008,
        "L3": 0.04815957695245743,
        "L4": 0.013082721270620823,
        "L5": 0.017351027578115463,
        "L6": 0.03456193208694458,
        "L7": 0.06476996839046478,
        "L8": 0.1705678403377533,
        "L9": 0.11955773085355759
      },
      "cv_weights": {
        "L0": 0.4462745189666748,
        "L1": 0.5129714012145996,
        "L2": 1.0334727764129639,
        "L3": 4.792820453643799,
        "L4": 2.102769613265991,
        "L5": 1.5211005210876465,
        "L6": 3.6884870529174805,
        "L7": 1.258287787437439,
        "L8": 0.8447362780570984,
        "L9": 0.9688953161239624
      },
      "entropy_mean": 1.5009055137634277,
      "entropy_std": 0.2316291630268097,
      "max_entropy": 2.302585092994046,
      "normalized_entropy": 0.6518349824856218
    },
    "test": {
      "mean_weights": {
        "L0": 0.2843558192253113,
        "L1": 0.22745467722415924,
        "L2": 0.06801606714725494,
        "L3": 0.004021973814815283,
        "L4": 0.005519249476492405,
        "L5": 0.008612851612269878,
        "L6": 0.005711331497877836,
        "L7": 0.04938710108399391,
        "L8": 0.23242412507534027,
        "L9": 0.11449694633483887
      },
      "std_weights": {
        "L0": 0.12283582240343094,
        "L1": 0.11018350720405579,
        "L2": 0.06110351160168648,
        "L3": 0.013808575458824635,
        "L4": 0.009843923151493073,
        "L5": 0.015085640363395214,
        "L6": 0.017075128853321075,
        "L7": 0.051753874868154526,
        "L8": 0.198581263422966,
        "L9": 0.12001224607229233
      },
      "cv_weights": {
        "L0": 0.4319792687892914,
        "L1": 0.4844196140766144,
        "L2": 0.898368775844574,
        "L3": 3.4332833290100098,
        "L4": 1.7835619449615479,
        "L5": 1.7515268325805664,
        "L6": 2.9896931648254395,
        "L7": 1.047922968864441,
        "L8": 0.8543918132781982,
        "L9": 1.0481698513031006
      },
      "entropy_mean": 1.469252586364746,
      "entropy_std": 0.24448262155056,
      "max_entropy": 2.302585092994046,
      "normalized_entropy": 0.6380882907802901
    },
    "interpretation": {
      "max_cv": 4.792820453643799,
      "weights_vary": true,
      "summary": "Attention weights vary meaningfully across samples (CV > 0.1)"
    }
  }
}