{
  "best_model_by_val_R2": "WS-all",
  "best_mean_val_R2": 0.22124252319335938,
  "best_std_val_R2": 0.030204949089074444,
  "per_model": {
    "L8": {
      "mean_val_R2": 0.21069657802581787,
      "std_val_R2": 0.03662867712929137,
      "mean_val_rho": 0.47884581371278356,
      "std_val_rho": 0.0332646000491095,
      "mean_test_R2": 0.4195523977279663,
      "std_test_R2": 0.01958065619053359,
      "mean_test_rho": 0.682200424511313,
      "std_test_rho": 0.010734966364003553
    },
    "WS-all": {
      "mean_val_R2": 0.22124252319335938,
      "std_val_R2": 0.030204949089074444,
      "mean_val_rho": 0.4870084458154606,
      "std_val_rho": 0.027248579771669813,
      "mean_test_R2": 0.42008577585220336,
      "std_test_R2": 0.01797371937894599,
      "mean_test_rho": 0.687158108257963,
      "std_test_rho": 0.008018456300102606
    },
    "Attn-top2": {
      "mean_val_R2": 0.12683444023132323,
      "std_val_R2": 0.04519113988775056,
      "mean_val_rho": 0.4584654148090138,
      "std_val_rho": 0.03676772411296638,
      "mean_test_R2": 0.5173105239868164,
      "std_test_R2": 0.030932831170896513,
      "mean_test_rho": 0.7031730710957548,
      "std_test_rho": 0.020556936113963708
    },
    "Attn-all": {
      "mean_val_R2": 0.1337364912033081,
      "std_val_R2": 0.0633392189021341,
      "mean_val_rho": 0.47679560941650834,
      "std_val_rho": 0.04158914813913194,
      "mean_test_R2": 0.5280868649482727,
      "std_test_R2": 0.037401201896497795,
      "mean_test_rho": 0.7157218646454542,
      "std_test_rho": 0.025294034588981468
    }
  },
  "per_fold": [
    {
      "model": "L8",
      "fold": 0,
      "seed": 42,
      "n_train": 16108,
      "n_val": 2372,
      "val_R2": 0.24504399299621582,
      "val_spearman_rho": 0.504333694708337,
      "val_RMSE": 1.541763186454773,
      "val_NLL": 1.8510676622390747,
      "test_R2": 0.43017834424972534,
      "test_spearman_rho": 0.6782922750941485,
      "test_RMSE": 1.6383721828460693,
      "test_NLL": 1.9233454465866089
    },
    {
      "model": "WS-all",
      "fold": 0,
      "seed": 42,
      "n_train": 16108,
      "n_val": 2372,
      "val_R2": 0.24602669477462769,
      "val_spearman_rho": 0.5049422430066739,
      "val_RMSE": 1.5407594442367554,
      "val_NLL": 1.8505315780639648,
      "test_R2": 0.4325459599494934,
      "test_spearman_rho": 0.6825368602417465,
      "test_RMSE": 1.634964942932129,
      "test_NLL": 1.9212327003479004
    },
    {
      "model": "Attn-top2",
      "fold": 0,
      "seed": 42,
      "n_train": 16108,
      "n_val": 2372,
      "val_R2": 0.18657052516937256,
      "val_spearman_rho": 0.5031799517781306,
      "val_RMSE": 1.6003566980361938,
      "val_NLL": 2.0873913764953613,
      "test_R2": 0.5030356049537659,
      "test_spearman_rho": 0.6885652286688863,
      "test_RMSE": 1.5300503969192505,
      "test_NLL": 1.9974238872528076
    },
    {
      "model": "Attn-all",
      "fold": 0,
      "seed": 42,
      "n_train": 16108,
      "n_val": 2372,
      "val_R2": 0.16960078477859497,
      "val_spearman_rho": 0.49356219699464143,
      "val_RMSE": 1.6169638633728027,
      "val_NLL": 2.066866636276245,
      "test_R2": 0.5109308362007141,
      "test_spearman_rho": 0.7033759174768313,
      "test_RMSE": 1.5178477764129639,
      "test_NLL": 1.9481837749481201
    },
    {
      "model": "L8",
      "fold": 1,
      "seed": 43,
      "n_train": 16253,
      "n_val": 2227,
      "val_R2": 0.1683942675590515,
      "val_spearman_rho": 0.4679079224270954,
      "val_RMSE": 1.658734679222107,
      "val_NLL": 1.9358336925506592,
      "test_R2": 0.3865053057670593,
      "test_spearman_rho": 0.6940461762465067,
      "test_RMSE": 1.699998378753662,
      "test_NLL": 1.970004916191101
    },
    {
      "model": "WS-all",
      "fold": 1,
      "seed": 43,
      "n_train": 16253,
      "n_val": 2227,
      "val_R2": 0.18227696418762207,
      "val_spearman_rho": 0.4778839086699662,
      "val_RMSE": 1.6448310613632202,
      "val_NLL": 1.9263043403625488,
      "test_R2": 0.39134758710861206,
      "test_spearman_rho": 0.701033827137695,
      "test_RMSE": 1.693276047706604,
      "test_NLL": 1.9654282331466675
    },
    {
      "model": "Attn-top2",
      "fold": 1,
      "seed": 43,
      "n_train": 16253,
      "n_val": 2227,
      "val_R2": 0.06109619140625,
      "val_spearman_rho": 0.4033976496031154,
      "val_RMSE": 1.762498378753662,
      "val_NLL": 2.3195066452026367,
      "test_R2": 0.547353982925415,
      "test_spearman_rho": 0.7283898362759343,
      "test_RMSE": 1.4602339267730713,
      "test_NLL": 1.9076454639434814
    },
    {
      "model": "Attn-all",
      "fold": 1,
      "seed": 43,
      "n_train": 16253,
      "n_val": 2227,
      "val_R2": 0.08836871385574341,
      "val_spearman_rho": 0.4291214906263078,
      "val_RMSE": 1.7367119789123535,
      "val_NLL": 2.272583246231079,
      "test_R2": 0.5057903528213501,
      "test_spearman_rho": 0.7017181031995942,
      "test_RMSE": 1.5258039236068726,
      "test_NLL": 1.9840558767318726
    },
    {
      "model": "L8",
      "fold": 2,
      "seed": 44,
      "n_train": 16159,
      "n_val": 2321,
      "val_R2": 0.2513657212257385,
      "val_spearman_rho": 0.5223955893839872,
      "val_RMSE": 1.5236124992370605,
      "val_NLL": 1.8394536972045898,
      "test_R2": 0.4197515845298767,
      "test_spearman_rho": 0.6884581809364756,
      "test_RMSE": 1.6532939672470093,
      "test_NLL": 1.9325642585754395
    },
    {
      "model": "WS-all",
      "fold": 2,
      "seed": 44,
      "n_train": 16159,
      "n_val": 2321,
      "val_R2": 0.2569139003753662,
      "val_spearman_rho": 0.5250473296047463,
      "val_RMSE": 1.517956256866455,
      "val_NLL": 1.8356062173843384,
      "test_R2": 0.4163705110549927,
      "test_spearman_rho": 0.6863703613612494,
      "test_RMSE": 1.6581038236618042,
      "test_NLL": 1.9365650415420532
    },
    {
      "model": "Attn-top2",
      "fold": 2,
      "seed": 44,
      "n_train": 16159,
      "n_val": 2321,
      "val_R2": 0.12802720069885254,
      "val_spearman_rho": 0.4733450734028653,
      "val_RMSE": 1.6443382501602173,
      "val_NLL": 2.1056265830993652,
      "test_R2": 0.49025166034698486,
      "test_spearman_rho": 0.6896349284065595,
      "test_RMSE": 1.5496050119400024,
      "test_NLL": 1.9882981777191162
    },
    {
      "model": "Attn-all",
      "fold": 2,
      "seed": 44,
      "n_train": 16159,
      "n_val": 2321,
      "val_R2": 0.20563644170761108,
      "val_spearman_rho": 0.534577848439217,
      "val_RMSE": 1.569456696510315,
      "val_NLL": 2.0447025299072266,
      "test_R2": 0.5129150152206421,
      "test_spearman_rho": 0.6994618065636731,
      "test_RMSE": 1.5147656202316284,
      "test_NLL": 1.9762686491012573
    },
    {
      "model": "L8",
      "fold": 3,
      "seed": 45,
      "n_train": 16211,
      "n_val": 2269,
      "val_R2": 0.20454531908035278,
      "val_spearman_rho": 0.4558163376782831,
      "val_RMSE": 1.566597580909729,
      "val_NLL": 1.868808388710022,
      "test_R2": 0.4370524287223816,
      "test_spearman_rho": 0.6841980440601979,
      "test_RMSE": 1.6284599304199219,
      "test_NLL": 1.9165689945220947
    },
    {
      "model": "WS-all",
      "fold": 3,
      "seed": 45,
      "n_train": 16211,
      "n_val": 2269,
      "val_R2": 0.2079063057899475,
      "val_spearman_rho": 0.460364811183107,
      "val_RMSE": 1.5632845163345337,
      "val_NLL": 1.8667540550231934,
      "test_R2": 0.4231035113334656,
      "test_spearman_rho": 0.6810770713096953,
      "test_RMSE": 1.6485117673873901,
      "test_NLL": 1.9321479797363281
    },
    {
      "model": "Attn-top2",
      "fold": 3,
      "seed": 45,
      "n_train": 16211,
      "n_val": 2269,
      "val_R2": 0.14077281951904297,
      "val_spearman_rho": 0.4646864508907872,
      "val_RMSE": 1.6281849145889282,
      "val_NLL": 2.1094300746917725,
      "test_R2": 0.4919310212135315,