model,mean_val_R2,std_val_R2,mean_val_spearman_rho,std_val_spearman_rho,mean_val_RMSE,std_val_RMSE,mean_val_NLL,std_val_NLL,mean_test_R2,std_test_R2,mean_test_spearman_rho,std_test_spearman_rho,mean_test_RMSE,std_test_RMSE,mean_test_NLL,std_test_NLL
L8,0.21069657802581787,0.03662867712929137,0.47884581371278356,0.0332646000491095,1.5749807357788086,0.05223030205601309,1.8754672288894654,0.037502422580578454,0.4195523977279663,0.01958065619053359,0.682200424511313,0.010734966364003553,1.653392505645752,0.027669121609679943,1.9344297170639038,0.02081852546363454
WS-all,0.22124252319335938,0.030204949089074444,0.4870084458154606,0.027248579771669813,1.5645323038101195,0.04811353850414645,1.8683419704437256,0.034586726476946245,0.42008577585220336,0.01797371937894599,0.687158108257963,0.008018456300102606,1.6526607275009155,0.025474929289348393,1.9343534231185913,0.019171094404751992
Attn-top2,0.12683444023132323,0.04519113988775056,0.4584654148090138,0.03676772411296638,1.6565609931945802,0.06208801132959396,2.14367995262146,0.09866062480326351,0.5173105239868164,0.030932831170896513,0.7031730710957548,0.020556936113963708,1.507289171218872,0.04858678935330919,1.9519932508468627,0.06358261703160613
Attn-all,0.1337364912033081,0.0633392189021341,0.47679560941650834,0.04158914813913194,1.649431872367859,0.07060867768477122,2.1386396408081056,0.10445237896709347,0.5280868649482727,0.037401201896497795,0.7157218646454542,0.025294034588981468,1.48999764919281,0.060745170892088196,1.9330092191696167,0.07160672537531852
