{
  "embedding": "results/embedding_rdkit/all_embeddings.npz",
  "n_pockets": 24,
  "d": 128,
  "use_ard": false,
  "n_epochs": 80,
  "lr": 0.1,
  "loocv": {
    "metrics": {
      "rmse": 2.623129367828369,
      "mae": 2.292274236679077,
      "nll": 2.4586498737335205,
      "r2": -0.7533632516860962,
      "spearman_rho": -0.3321739130434782,
      "spearman_p": 0.11277279029569673,
      "pearson_r": -0.017337322235107422,
      "coverage_95": 0.875,
      "ci_width": 7.887123107910156,
      "n": 24
    },
    "mu": [
      0.9953823089599609,
      5.273474216461182,
      5.185087203979492,
      4.407069683074951,
      4.591790199279785,
      1.9514501094818115,
      4.787154197692871,
      5.046548843383789,
      2.446014881134033,
      4.8971147537231445,
      5.466886520385742,
      4.572887420654297,
      5.252840042114258,
      0.6268720626831055,
      4.088098526000977,
      3.9248781204223633,
      3.9813549518585205,
      4.591043472290039,
      3.386995315551758,
      4.929821968078613,
      3.0361340045928955,
      5.189047813415527,
      5.0347137451171875,
      5.0515851974487305
    ],
    "var": [
      5.2529215812683105,
      3.580681800842285,
      3.6554934978485107,
      3.8230810165405273,
      3.7573673725128174,
      5.140570640563965,
      3.6516599655151367,
      3.5147953033447266,
      4.954240322113037,
      3.6839632987976074,
      3.6755497455596924,
      3.6289753913879395,
      3.4745960235595703,
      5.287724018096924,
      4.3036651611328125,
      4.424849987030029,
      3.9356472492218018,
      4.028031826019287,
      4.656691074371338,
      3.656679630279541,
      4.7274932861328125,
      3.5907812118530273,
      3.554877519607544,
      3.6906943321228027
    ],
    "noise": 2.9387807846069336,
    "hyperparams": {
      "outputscale": 2.3675007820129395,
      "noise": 2.9387807846069336,
      "lengthscale_mean": 2.3394408226013184
    },
    "time_s": 14.0
  },
  "repeated_split": {
    "summary": {
      "rmse": {
        "mean": 2.2364171075820924,
        "std": 0.3324672599379871,
        "min": 1.4647271633148193,
        "max": 3.049318313598633,
        "median": 2.2699334621429443,
        "n_valid": 50
      },
      "mae": {
        "mean": 1.847354769706726,
        "std": 0.3312132973797882,
        "min": 1.219107985496521,
        "max": 2.7064292430877686,
        "median": 1.9081250429153442,
        "n_valid": 50
      },
      "nll": {
        "mean": 2.307050688266754,
        "std": 0.2229531568658585,
        "min": 1.89226496219635,
        "max": 2.939744472503662,
        "median": 2.2823609113693237,
        "n_valid": 50
      },
      "r2": {
        "mean": -0.5457804000377655,
        "std": 0.7528952061631075,
        "min": -3.1113643646240234,
        "max": 0.0376247763633728,
        "median": -0.2609408497810364,
        "n_valid": 50
      },
      "spearman_rho": {
        "mean": -0.1864285714285715,
        "std": 0.3470936179070955,
        "min": -0.8571428571428573,
        "max": 0.642857142857143,
        "median": -0.21428571428571433,
        "n_valid": 50
      },
      "pearson_r": {
        "mean": -0.0250778765976429,
        "std": 0.3078856065649986,
        "min": -0.8290553092956543,
        "max": 0.6929779648780823,
        "median": -0.019400060176849365,
        "n_valid": 50
      },
      "coverage_95": {
        "mean": 0.8857142857142857,
        "std": 0.11428571428571428,
        "min": 0.5714285714285714,
        "max": 1.0,
        "median": 0.8571428571428571,
        "n_valid": 50
      },
      "ci_width": {
        "mean": 7.5952376365661625,
        "std": 0.2533105759402772,
        "min": 7.100733280181885,
        "max": 8.076716423034668,
        "median": 7.631397008895874,
        "n_valid": 50
      }
    },
    "n_repeats": 50,
    "test_frac": 0.3,
    "time_s": 4.2
  },
  "bootstrap": {
    "summary": {
      "rmse": {
        "mean": 2.084498552083969,
        "std": 0.2614090098424846,
        "ci_2.5": 1.5394965946674346,
        "ci_97.5": 2.5580962359905244,
        "median": 2.084432363510132,
        "n_valid": 200
      },
      "mae": {
        "mean": 1.74919684112072,
        "std": 0.26255976954910776,
        "ci_2.5": 1.2436503261327743,
        "ci_97.5": 2.2119386315345766,
        "median": 1.756451964378357,
        "n_valid": 200
      },
      "nll": {
        "mean": 2.1467439842224123,
        "std": 0.1548459356792905,
        "ci_2.5": 1.8220452070236206,
        "ci_97.5": 2.429874736070633,
        "median": 2.154227375984192,
        "n_valid": 200
      },
      "r2": {
        "mean": -0.22441353678703307,
        "std": 0.2595588205913516,
        "ci_2.5": -0.8166052907705307,
        "ci_97.5": 0.23313158899545677,
        "median": -0.17948055267333984,
        "n_valid": 200
      },
      "spearman_rho": {
        "mean": 0.2727055108290001,
        "std": 0.21783587227856963,
        "ci_2.5": -0.14457774553815025,
        "ci_97.5": 0.6239410335303159,
        "median": 0.2880233315151982,
        "n_valid": 200
      },
      "pearson_r": {
        "mean": 0.27540651716291903,
        "std": 0.1684376330302496,
        "ci_2.5": -0.042696493491530395,
        "ci_97.5": 0.5998042434453965,
        "median": 0.27547284960746765,
        "n_valid": 200
      },
      "coverage_95": {
        "mean": 0.9235416666666667,
        "std": 0.04182833220438033,
        "ci_2.5": 0.8333333333333334,
        "ci_97.5": 1.0,
        "median": 0.9166666666666666,
        "n_valid": 200
      },
      "ci_width": {
        "mean": 6.8157112956047055,
        "std": 0.43303124286052297,
        "ci_2.5": 5.735374665260315,
        "ci_97.5": 7.440758728981018,
        "median": 6.905977010726929,
        "n_valid": 200
      }
    },
    "n_bootstrap": 200,
    "n_successful": 200,
    "time_s": 13.8
  }
}