{
  "A2.1": {
    "val": {
      "R2": 0.2625107169151306,
      "spearman_rho": 0.5387795483212621,
      "spearman_p": 1.0431404791197074e-178,
      "RMSE": 1.523823618888855
    },
    "test": {
      "R2": 0.5643233060836792,
      "spearman_rho": 0.751257875712741,
      "spearman_p": 5.386127262764121e-53,
      "RMSE": 1.432600975036621
    }
  },
  "A2.2": {
    "val": {
      "R2": 0.2698972821235657,
      "spearman_rho": 0.565735995283194,
      "spearman_p": 8.735249185764276e-201,
      "RMSE": 1.516173243522644
    },
    "test": {
      "R2": 0.5466792583465576,
      "spearman_rho": 0.7526743789999676,
      "spearman_p": 2.6865920748992043e-53,
      "RMSE": 1.4613218307495117
    },
    "branch_stats": {
      "atom_attn_entropy_mean": 2.7722527980804443,
      "atom_attn_entropy_std": 0.4571092128753662,
      "layer_beta_mean": [
        0.0012472821399569511,
        0.0008960808627307415,
        0.08546315878629684,
        0.06301432102918625,
        0.1728375405073166,
        0.09582044929265976,
        0.14451201260089874,
        0.13059881329536438,
        0.2694452702999115,
        0.03616517409682274
      ],
      "layer_beta_std": [
        0.0021464922465384007,
        0.0018539797747507691,
        0.06819265335798264,
        0.04227354750037193,
        0.08887772262096405,
        0.046721525490283966,
        0.07316107302904129,
        0.07672819495201111,
        0.17276979982852936,
        0.1131170392036438
      ]
    }
  },
  "A2.3": {
    "val": {
      "R2": 0.29243791103363037,
      "spearman_rho": 0.5769708736286101,
      "spearman_p": 1.326850181417178e-210,
      "RMSE": 1.4925851821899414
    },
    "test": {
      "R2": 0.568366527557373,
      "spearman_rho": 0.7465223743298258,
      "spearman_p": 5.327439889258111e-52,
      "RMSE": 1.4259380102157593
    },
    "layer_stats": {
      "layer_0_entropy_mean": 3.026662826538086,
      "layer_0_entropy_std": 0.40313413739204407,
      "layer_1_entropy_mean": 2.4944007396698,
      "layer_1_entropy_std": 0.4013420045375824,
      "layer_2_entropy_mean": 2.764164447784424,
      "layer_2_entropy_std": 0.3925551474094391,
      "layer_3_entropy_mean": 2.718874216079712,
      "layer_3_entropy_std": 0.43627846240997314,
      "layer_4_entropy_mean": 2.846317768096924,
      "layer_4_entropy_std": 0.42967671155929565,
      "layer_5_entropy_mean": 2.760079860687256,
      "layer_5_entropy_std": 0.42284828424453735,
      "layer_6_entropy_mean": 2.701399326324463,
      "layer_6_entropy_std": 0.4275452196598053,
      "layer_7_entropy_mean": 2.7814831733703613,
      "layer_7_entropy_std": 0.37556761503219604,
      "layer_8_entropy_mean": 2.6315035820007324,
      "layer_8_entropy_std": 0.43163126707077026,
      "layer_9_entropy_mean": 2.5995771884918213,
      "layer_9_entropy_std": 0.42696163058280945,
      "layer_beta_mean": [
        0.0001822870399337262,
        4.620505933417007e-06,
        4.267555050319061e-05,
        0.005959393922239542,
        0.002008885145187378,
        0.006269900128245354,
        0.004570582881569862,
        0.12838301062583923,
        0.32197216153144836,
        0.5306063890457153
      ],
      "layer_beta_std": [
        0.00022860647004563361,
        7.3224409788963385e-06,
        5.0263519369764253e-05,
        0.007213870529085398,
        0.0036202194169163704,
        0.0077514671720564365,
        0.007140906527638435,
        0.06310424208641052,
        0.11918254941701889,
        0.1604078859090805
      ]
    }
  },
  "args": {
    "atom_emb_dir": "results/atom_embeddings",
    "labels": "data/pdbbind_v2020/labels.csv",
    "splits": "data/pdbbind_v2020/splits.json",
    "output": "results/stage2/scheme_comparison",
    "experiment": [
      "A2.1",
      "A2.2",
      "A2.3"
    ],
    "embed_dim": 128,
    "attn_hidden_dim": 64,
    "entropy_weight": 0.01,
    "lr": 0.001,
    "n_epochs": 200,
    "batch_size": 64,
    "patience": 30,
    "device": "cuda",
    "seed": 42
  },
  "elapsed_seconds": 1253.1982145309448
}