{
  "configs": {
    "z_global_only": {
      "val": {
        "R2": 0.22097498178482056,
        "spearman_rho": 0.4876094077618741,
        "pearson_r": 0.4817129969596863,
        "RMSE": 1.5661470890045166,
        "MAE": 1.2318872213363647,
        "NLL": 1.8674877882003784
      },
      "test": {
        "R2": 0.4218865633010864,
        "spearman_rho": 0.671864745630901,
        "pearson_r": 0.6730937361717224,
        "RMSE": 1.6502496004104614,
        "MAE": 1.3443493843078613,
        "NLL": 1.931095838546753
      },
      "train_time_s": 145.11862349510193,
      "dim": 128,
      "n_train": 16108
    },
    "z_interaction_only": {
      "val": {
        "R2": 0.08309763669967651,
        "spearman_rho": 0.36465434847515515,
        "pearson_r": 0.3630716800689697,
        "RMSE": 1.6990978717803955,
        "MAE": 1.3332825899124146,
        "NLL": 1.9571776390075684
      },
      "test": {
        "R2": 0.30357468128204346,
        "spearman_rho": 0.5574587127954578,
        "pearson_r": 0.5546821355819702,
        "RMSE": 1.8112581968307495,
        "MAE": 1.4643945693969727,
        "NLL": 2.038950204849243
      },
      "train_time_s": 130.6380205154419,
      "dim": 128,
      "n_train": 16096
    },
    "z_global+z_interaction": {
      "val": {
        "R2": 0.2505190372467041,
        "spearman_rho": 0.5146344944862032,
        "pearson_r": 0.5096831321716309,
        "RMSE": 1.5361623764038086,
        "MAE": 1.2063838243484497,
        "NLL": 1.850597858428955
      },
      "test": {
        "R2": 0.44162070751190186,
        "spearman_rho": 0.6895250295238908,
        "pearson_r": 0.6886427402496338,
        "RMSE": 1.621838927268982,
        "MAE": 1.3217248916625977,
        "NLL": 1.9177601337432861
      },
      "train_time_s": 131.35813069343567,
      "dim": 256,
      "n_train": 16096
    },
    "z_global+z_shuffled": {
      "val": {
        "R2": 0.2897905707359314,
        "spearman_rho": 0.5445671426401318,
        "pearson_r": 0.5407335758209229,
        "RMSE": 1.4953747987747192,
        "MAE": 1.1780775785446167,
        "NLL": 1.823861837387085
      },
      "test": {
        "R2": 0.46694743633270264,
        "spearman_rho": 0.7066612201603808,
        "pearson_r": 0.7076936364173889,
        "RMSE": 1.5846308469772339,
        "MAE": 1.2695002555847168,
        "NLL": 1.8955051898956299
      },
      "train_time_s": 131.7794029712677,
      "dim": 256,
      "n_train": 16096
    }
  },
  "gate": {
    "baseline_config": "z_global_only",
    "baseline_layer": 8,
    "combined_config": "z_global+z_interaction",
    "delta_val_R2": 0.029544055461883545,
    "delta_val_rho": 0.027025086724329128,
    "delta_test_R2": 0.01973414421081543,
    "delta_test_rho": 0.017660283892989792,
    "gate_R2_pass": false,
    "gate_rho_pass": false,
    "shuffled_check": {
      "real_val_R2": 0.2505190372467041,
      "shuffled_val_R2": 0.2897905707359314,
      "delta_R2": -0.039271533489227295,
      "real_val_rho": 0.5146344944862032,
      "shuffled_val_rho": 0.5445671426401318,
      "delta_rho": -0.029932648153928598,
      "real_beats_shuffled": false
    },
    "gate_pass": false,
    "decision": "FAIL \u2014 Multi-granularity representation does NOT meet gate criteria"
  },
  "args": {
    "multilayer_emb": "results/multilayer_embeddings/all_multilayer_embeddings.npz",
    "z_interaction_dir": "results/stage2/interaction_gnn",
    "z_shuffled_dir": "results/stage2/interaction_gnn_shuffled",
    "labels": "data/pdbbind_v2020/labels.csv",
    "splits": "data/pdbbind_v2020/splits.json",
    "output": "results/stage2/multigranularity_gp",
    "layer_idx": 8,
    "n_inducing": 512,
    "n_epochs": 200,
    "batch_size": 256,
    "lr": 0.01,
    "device": "cuda"
  }
}