{
  "n_train": 200,
  "d": 128,
  "n_inducing": 48,
  "n_epochs": 200,
  "final_loss": 2.409510908126831,
  "elapsed_s": 14.1,
  "pkd_range": [
    0.31597578525543213,
    9.366555213928223
  ],
  "pkd_mean": 5.687902927398682,
  "train_codes": [
    "ABL2_HUMAN_274_551_0",
    "ACE_HUMAN_650_1230_0",
    "AKT1_HUMAN_1_137_0",
    "ATS5_HUMAN_262_480_0",
    "BACE2_HUMAN_76_460_0",
    "BGAT_HUMAN_63_353_0",
    "BGL07_ORYSJ_25_504_0",
    "BSD_ASPTE_1_130_0",
    "CD38_HUMAN_44_300_0",
    "CDK6_HUMAN_1_312_0",
    "CHIB1_ASPFM_39_433_0",
    "CHIB_SERMA_1_499_0",
    "COAA_MYCTU_1_312_0",
    "CONA_CANCT_1_237_0",
    "DFPA_LOLVU_2_314_0",
    "DYRK2_HUMAN_145_550_0",
    "F16P1_HUMAN_1_338_0",
    "FKB1A_HUMAN_2_108_0",
    "GLMU_STRPN_2_459_0",
    "GSTP1_HUMAN_2_210_0",
    "GUX1_HYPJE_18_451_0",
    "HDAC8_HUMAN_1_377_0",
    "IMA1_HUMAN_68_497_0",
    "KS6A3_HUMAN_41_357_0",
    "LMBL1_HUMAN_198_526_0",
    "M3K14_HUMAN_321_678_0",
    "MURA_ECOLI_1_419_catalytic_0",
    "NAGZ_VIBCH_1_330_0",
    "NEP_HUMAN_54_750_0",
    "NPD_THEMA_1_246_0",
    "NR1H4_HUMAN_258_486_0",
    "P2Y12_HUMAN_1_342_0",
    "PA2B8_DABRR_1_121_0",
    "PAC_ECOLX_27_846_0",
    "PAK4_HUMAN_291_591_ATP_0",
    "PHP_SULSO_1_314_0",
    "POL_FOAMV_861_1060_0",
    "PPIA_HUMAN_1_165_0",
    "QPCT_HUMAN_33_361_0",
    "RG1_RAUSE_1_513_0",
    "ROCO4_DICDI_1009_1292_0",
    "SIR3_HUMAN_117_398_0",
    "SQHC_ALIAD_1_631_0",
    "TNKS1_HUMAN_1099_1319_0",
    "TNKS2_HUMAN_948_1162_0",
    "UPPS_ECOLI_1_253_0",
    "VAOX_PENSI_1_560_0",
    "Y635_MYCTU_1_158_0"
  ]
}