{
  "best_single_layer": 8,
  "best_single_layer_val_R2": 0.250136137008667,
  "best_single_layer_val_rho": 0.5117035436138934,
  "best_weighted_sum_config": "all",
  "best_weighted_sum_val_R2": 0.23883116245269775,
  "best_weighted_sum_val_rho": 0.49650412904619384,
  "improvement_pct": -4.519528721904557,
  "gate2_pass": false,
  "decision": "STOP \u2014 weighted sum did not beat best single layer L8",
  "all_weights": {
    "top2": {
      "L8": 0.9989500641822815,
      "L6": 0.0010500167263671756
    },
    "top4": {
      "L8": 0.3462354838848114,
      "L6": 0.00015573958808090538,
      "L9": 0.6532126665115356,
      "L5": 0.00039614757406525314
    },
    "all": {
      "L0": 0.0004684628511313349,
      "L1": 7.827254012227058e-05,
      "L2": 3.178212500642985e-05,
      "L3": 1.7524576833238825e-05,
      "L4": 2.5451270630583167e-05,
      "L5": 4.239409099682234e-05,
      "L6": 0.00016447791131213307,
      "L7": 0.00022193499899003655,
      "L8": 0.4071994125843048,
      "L9": 0.5917502045631409
    }
  }
}