{
  "ece": 0.2428579007138616,
  "auroc": 1.0,
  "ef_1pct": 2.5,
  "hit_rate": 0.6666666666666666,
  "spearman_rho": 0.9999999999999999,
  "spearman_pval": 1.4042654220543672e-24,
  "rmse": 1.801282327391333,
  "nll": 2.031599050562394,
  "n_samples": 5,
  "confidence_threshold": 0.5,
  "y_target": 7.0,
  "ci_auroc": [
    1.0,
    1.0
  ],
  "ci_ef_1pct": [
    0.0,
    5.0
  ],
  "ci_hit_rate": [
    0.0,
    1.0
  ]
}