{
  "baseline": {
    "name": "Baseline GP",
    "single_split": {
      "train": {
        "rmse": 1.2765045446290009,
        "rho": 0.9028388121077748,
        "r2": 0.620758098750621,
        "p": 1.5907414602581315e-208
      },
      "val": {
        "rmse": 1.8017283608353474,
        "rho": 0.28748331665901977,
        "r2": 0.05161136509068864,
        "p": 6.327318598393671e-05
      },
      "test": {
        "rmse": 2.167170780389671,
        "rho": 0.3467886288633131,
        "r2": 0.0978083827664844,
        "p": 1.016140269722362e-06
      }
    },
    "repeated_10x": {
      "train": {
        "rmse": {
          "mean": 1.3405701925698437,
          "std": 0.04232212179658001
        },
        "rho": {
          "mean": 0.8867006454887758,
          "std": 0.006390763862335987
        },
        "r2": {
          "mean": 0.5825248371859294,
          "std": 0.015568750032991031
        }
      },
      "val": {
        "rmse": {
          "mean": 1.9510444335767432,
          "std": 0.10946841020469603
        },
        "rho": {
          "mean": 0.339009345089732,
          "std": 0.06612801703740802
        },
        "r2": {
          "mean": 0.09529578141522857,
          "std": 0.039812911341879434
        }
      },
      "test": {
        "rmse": {
          "mean": 1.9833830295902406,
          "std": 0.11202061216789927
        },
        "rho": {
          "mean": 0.35209764008453154,
          "std": 0.06844151818456805
        },
        "r2": {
          "mean": 0.10279278427453073,
          "std": 0.03929281093033449
        }
      }
    }
  },
  "dkl": {
    "name": "DKL (no reg)",
    "single_split": {
      "train": {
        "rmse": 0.14610643552594085,
        "rho": 0.9982079478370832,
        "r2": 0.9950316718128218,
        "p": 0.0
      },
      "val": {
        "rmse": 2.3746591076864894,
        "rho": 0.0732734566139881,
        "r2": -0.6474424738094502,
        "p": 0.31764042585910124
      },
      "test": {
        "rmse": 2.473030568500978,
        "rho": 0.27426014840492463,
        "r2": -0.1748204120580481,
        "p": 0.00013403222330588192
      }
    },
    "repeated_10x": {
      "train": {
        "rmse": {
          "mean": 0.2023083546456661,
          "std": 0.025971800766584757
        },
        "rho": {
          "mean": 0.9961018905893425,
          "std": 0.0011236504968297524
        },
        "r2": {
          "mean": 0.9904061372693069,
          "std": 0.002145335433315525
        }
      },
      "val": {
        "rmse": {
          "mean": 2.455319282490565,
          "std": 0.13752101080274443
        },
        "rho": {
          "mean": 0.17592474155755927,
          "std": 0.06090656609089523
        },
        "r2": {
          "mean": -0.43740523997162273,
          "std": 0.133678567880467
        }
      },
      "test": {
        "rmse": {
          "mean": 2.468758881141045,
          "std": 0.12090486790011684
        },
        "rho": {
          "mean": 0.1887262628376502,
          "std": 0.04502616235390096
        },
        "r2": {
          "mean": -0.3919536289762898,
          "std": 0.0747050857065714
        }
      }
    }
  },
  "dkl_d03": {
    "name": "DKL + Dropout 0.3",
    "single_split": {
      "train": {
        "rmse": 0.5518014719260862,
        "rho": 0.9758531328714578,
        "r2": 0.9291341021710919,
        "p": 0.0
      },
      "val": {
        "rmse": 2.297596068347411,
        "rho": 0.1548498432534688,
        "r2": -0.5422510342294113,
        "p": 0.033850401244753504
      },
      "test": {
        "rmse": 2.4173770607858334,
        "rho": 0.28752588590171796,
        "r2": -0.12253866196235008,
        "p": 6.0296626391395554e-05
      }
    },
    "repeated_10x": {
      "train": {
        "rmse": {
          "mean": 0.6234928555729189,
          "std": 0.031564388180433674
        },
        "rho": {
          "mean": 0.9719441285733609,
          "std": 0.0029437503564722373
        },
        "r2": {
          "mean": 0.9096343718473285,
          "std": 0.007000988266910066
        }
      },
      "val": {
        "rmse": {
          "mean": 2.3351267310273722,
          "std": 0.14675173667089209
        },
        "rho": {
          "mean": 0.21065276140736314,
          "std": 0.050675275645550646
        },
        "r2": {
          "mean": -0.29749096903711225,
          "std": 0.10180597643427179
        }
      },
      "test": {
        "rmse": {
          "mean": 2.3394125464087407,
          "std": 0.13628613365692463
        },
        "rho": {
          "mean": 0.23561341777737024,
          "std": 0.07359562872998932
        },
        "r2": {
          "mean": -0.2513365332199716,
          "std": 0.10568039578682008
        }
      }
    }
  },
  "dkl_d05": {
    "name": "DKL + Dropout 0.5",
    "single_split": {
      "train": {
        "rmse": 0.751163310508008,
        "rho": 0.9526162061517284,
        "r2": 0.8686771440263005,
        "p": 3.5151859440250937e-293
      },
      "val": {
        "rmse": 2.3442095754169228,
        "rho": 0.17337161874095716,
        "r2": -0.6054640402014082,
        "p": 0.0173434558205645
      },
      "test": {
        "rmse": 2.5210885666796394,
        "rho": 0.25076789899288543,
        "r2": -0.22092425098884427,
        "p": 0.0005006703397287105
      }
    },
    "repeated_10x": {
      "train": {
        "rmse": {
          "mean": 0.8467624795064103,
          "std": 0.025458684405386477
        },
        "rho": {
          "mean": 0.9265937334053133,
          "std": 0.009982473759427924
        },
        "r2": {
          "mean": 0.833156507385348,
          "std": 0.01129758147990475
        }
      },
      "val": {
        "rmse": {
          "mean": 2.3369581909358774,
          "std": 0.13723359552873649
        },
        "rho": {
          "mean": 0.22383756291934764,
          "std": 0.07568513277569426
        },
        "r2": {
          "mean": -0.3004977806488843,
          "std": 0.10270659830011662
        }
      },
      "test": {
        "rmse": {
          "mean": 2.342543816880442,
          "std": 0.12560404361750296
        },
        "rho": {
          "mean": 0.23940341122500258,
          "std": 0.07117912474965316
        },
        "r2": {
          "mean": -0.256442418995796,
          "std": 0.11923623379205434
        }
      }
    }
  },
  "dkl_wd": {
    "name": "DKL + WD 0.01",
    "single_split": {
      "train": {
        "rmse": 0.1532167587284034,
        "rho": 0.9975980499897862,
        "r2": 0.9945363342101867,
        "p": 0.0
      },
      "val": {
        "rmse": 2.3640043172285328,
        "rho": 0.08927961887869613,
        "r2": -0.6326919145240291,
        "p": 0.22306786467680423
      },
      "test": {
        "rmse": 2.40700433151603,
        "rho": 0.2900179353143091,
        "r2": -0.11292592207093488,
        "p": 5.1660862317572847e-05
      }
    },
    "repeated_10x": {
      "train": {
        "rmse": {
          "mean": 0.1959382931294296,
          "std": 0.03317149502780008
        },
        "rho": {
          "mean": 0.9962205537197895,
          "std": 0.0013442628610730888
        },
        "r2": {
          "mean": 0.9909187607197019,
          "std": 0.0028965471133098404
        }
      },
      "val": {
        "rmse": {
          "mean": 2.4318709743717495,
          "std": 0.14579213168721805
        },
        "rho": {
          "mean": 0.17321358295725595,
          "std": 0.08464912186798589
        },
        "r2": {
          "mean": -0.4127344515548443,
          "std": 0.1603434081153542
        }
      },
      "test": {
        "rmse": {
          "mean": 2.447465483272884,
          "std": 0.161892750346754
        },
        "rho": {
          "mean": 0.1967327940895597,
          "std": 0.07037451918150542
        },
        "r2": {
          "mean": -0.369041355280344,
          "std": 0.1266825593003032
        }
      }
    }
  },