{
  "ece": 0.2642951196276616,
  "auroc": 1.0,
  "brier": 0.10284437328960887,
  "ef_1pct": 6.0,
  "hit_rate": 1.0,
  "spearman_rho": 0.7573913043478261,
  "spearman_pval": 1.8255331709071236e-05,
  "rmse": 1.6214808749697631,
  "nll": 1.9460011472955845,
  "n_samples": 24,
  "confidence_threshold": 0.5,
  "y_target": 7.0,
  "ci_auroc": [
    0.9999999999999999,
    1.0
  ],
  "ci_ef_1pct": [
    3.0,
    24.0
  ],
  "ci_hit_rate": [
    1.0,
    1.0
  ]
}