{
  "strategy": "attn_pca",
  "dim": 128,
  "n": 942,
  "valid": true,
  "loocv": {
    "rmse": 1.9566049769065037,
    "mae": 1.553153869619141,
    "rho": 0.35716161733627233,
    "p_value": 1.0092088326951544e-29,
    "r2": 0.11321583880117214
  },
  "50x": {
    "rmse_mean": 1.9643764412954514,
    "rmse_std": 0.07282657375582802,
    "rho_mean": 0.3619963739229044,
    "rho_std": 0.046183012883642724,
    "r2_mean": 0.10984766603860653,
    "r2_std": 0.02834152487634103
  },
  "tvt": {
    "train": {
      "rmse_mean": 1.3375487549067437,
      "rmse_std": 0.03829689737158893,
      "rho_mean": 0.8917046476216484,
      "rho_std": 0.008041356363291497,
      "r2_mean": 0.5893555831195468,
      "r2_std": 0.013653127188115883
    },
    "val": {
      "rmse_mean": 1.96197649845679,
      "rmse_std": 0.10300727990903046,
      "rho_mean": 0.3271620685915266,
      "rho_std": 0.04942958042422307,
      "r2_mean": 0.09369439008919464,
      "r2_std": 0.029834161964258952
    },
    "test": {
      "rmse_mean": 1.9385368035057715,
      "rmse_std": 0.10662287637917468,
      "rho_mean": 0.34961087816181086,
      "rho_std": 0.04971904155005017,
      "r2_mean": 0.10626352303240744,
      "r2_std": 0.03601089692490754
    }
  }
}