{
  "strategy": "mean+max",
  "dim": 256,
  "n": 942,
  "valid": true,
  "loocv": {
    "rmse": 1.9557626029852777,
    "mae": 1.5549810661738708,
    "rho": 0.36201270174719585,
    "p_value": 1.5147158635943409e-30,
    "r2": 0.11397924588312847
  },
  "50x": {
    "rmse_mean": 1.962333110789873,
    "rmse_std": 0.07126413231229031,
    "rho_mean": 0.3702642607106433,
    "rho_std": 0.04382838160023077,
    "r2_mean": 0.11172317935521406,
    "r2_std": 0.025840315762801002
  },
  "tvt": {
    "train": {
      "rmse_mean": 1.2790707189190773,
      "rmse_std": 0.0422180351670163,
      "rho_mean": 0.9166036031095717,
      "rho_std": 0.006738869388633326,
      "r2_mean": 0.6245009953426195,
      "r2_std": 0.014649817184026843
    },
    "val": {
      "rmse_mean": 1.960786789149303,
      "rmse_std": 0.10406688816366799,
      "rho_mean": 0.33149615737995425,
      "rho_std": 0.05064158114135243,
      "r2_mean": 0.0948387265213378,
      "r2_std": 0.02980066059642614
    },
    "test": {
      "rmse_mean": 1.937961868300338,
      "rmse_std": 0.10748477731307647,
      "rho_mean": 0.35383177806881644,
      "rho_std": 0.052623823836739546,
      "r2_mean": 0.10684819186260217,
      "r2_std": 0.03619449017005768
    }
  }
}