{
  "strategy": "mean+std",
  "dim": 256,
  "n": 942,
  "valid": true,
  "loocv": {
    "rmse": 1.9640322971432715,
    "mae": 1.5613352999407633,
    "rho": 0.3479052242724929,
    "p_value": 3.4391423573978916e-28,
    "r2": 0.10647055178779852
  },
  "50x": {
    "rmse_mean": 1.9732094701713252,
    "rmse_std": 0.06933493685120196,
    "rho_mean": 0.35506077841596484,
    "rho_std": 0.04407073610190299,
    "r2_mean": 0.10183194161657011,
    "r2_std": 0.024191080744858116
  },
  "tvt": {
    "train": {
      "rmse_mean": 1.2813101099321975,
      "rmse_std": 0.04396181226259092,
      "rho_mean": 0.9257146376166346,
      "rho_std": 0.005830534903782539,
      "r2_mean": 0.623181093996985,
      "r2_std": 0.01568365298253745
    },
    "val": {
      "rmse_mean": 1.9685761416610272,
      "rmse_std": 0.10442813387928551,
      "rho_mean": 0.3196443664015518,
      "rho_std": 0.054710211105893004,
      "r2_mean": 0.08766744389292287,
      "r2_std": 0.028953009618401748
    },
    "test": {
      "rmse_mean": 1.946581698816515,
      "rmse_std": 0.10599475880087594,
      "rho_mean": 0.34310185418496864,
      "rho_std": 0.0529452337859338,
      "r2_mean": 0.09892922927656772,
      "r2_std": 0.03295799702683208
    }
  }
}