{
  "strategy": "attn_norm",
  "dim": 128,
  "n": 942,
  "valid": true,
  "loocv": {
    "rmse": 1.9473239212813,
    "mae": 1.5421587445830625,
    "rho": 0.3729163578766456,
    "p_value": 1.8902951292708962e-32,
    "r2": 0.12160871650241045
  },
  "50x": {
    "rmse_mean": 1.956542487536408,
    "rmse_std": 0.07187863705762258,
    "rho_mean": 0.37549712009080133,
    "rho_std": 0.04533510222884457,
    "r2_mean": 0.11689554249819978,
    "r2_std": 0.02858803195632184
  },
  "tvt": {
    "train": {
      "rmse_mean": 1.3250760251876208,
      "rmse_std": 0.04509158545203689,
      "rho_mean": 0.8929459508148645,
      "rho_std": 0.00838473643839962,
      "r2_mean": 0.5969148015781539,
      "r2_std": 0.01842643103723534
    },
    "val": {
      "rmse_mean": 1.9536085648543293,
      "rmse_std": 0.10635343449458813,
      "rho_mean": 0.3419359016077089,
      "rho_std": 0.05191709712211335,
      "r2_mean": 0.10153257610896557,
      "r2_std": 0.031204345889869978
    },
    "test": {
      "rmse_mean": 1.9275556907573375,
      "rmse_std": 0.11083279533840489,
      "rho_mean": 0.3694859285176317,
      "rho_std": 0.053338706747802986,
      "r2_mean": 0.11638055794267357,
      "r2_std": 0.04142127742741301
    }
  }
}