{
  "strategy": "max",
  "dim": 128,
  "n": 942,
  "valid": true,
  "loocv": {
    "rmse": 1.9623993909523145,
    "mae": 1.5581074875846148,
    "rho": 0.35260394748861823,
    "p_value": 5.819860762090187e-29,
    "r2": 0.1079557037777158
  },
  "50x": {
    "rmse_mean": 1.9679134764086632,
    "rmse_std": 0.07216317914633265,
    "rho_mean": 0.3605579300988343,
    "rho_std": 0.0432879858806946,
    "r2_mean": 0.10667733823450995,
    "r2_std": 0.026330991264899132
  },
  "tvt": {
    "train": {
      "rmse_mean": 1.3270745186102806,
      "rmse_std": 0.04243697149034789,
      "rho_mean": 0.9016853287561393,
      "rho_std": 0.0077700148873479005,
      "r2_mean": 0.5957637346353858,
      "r2_std": 0.015661439043654773
    },
    "val": {
      "rmse_mean": 1.9652602759626923,
      "rmse_std": 0.10268572417445859,
      "rho_mean": 0.32529061747255356,
      "rho_std": 0.05161427553591923,
      "r2_mean": 0.0906465457313146,
      "r2_std": 0.02940279871725027
    },
    "test": {
      "rmse_mean": 1.942366840437346,
      "rmse_std": 0.10617798296820977,
      "rho_mean": 0.3463411587143295,
      "rho_std": 0.050741023816636664,
      "r2_mean": 0.10274382206824778,
      "r2_std": 0.035381371182003775
    }
  }
}