{
  "strategy": "trimmed_mean",
  "dim": 128,
  "n": 942,
  "valid": true,
  "loocv": {
    "rmse": 1.953808864079759,
    "mae": 1.5537817508112708,
    "rho": 0.3615451922939506,
    "p_value": 1.8210793936965876e-30,
    "r2": 0.11574856960857072
  },
  "50x": {
    "rmse_mean": 1.9597022632912264,
    "rmse_std": 0.07090419406289585,
    "rho_mean": 0.3712672326985046,
    "rho_std": 0.04612279458236804,
    "r2_mean": 0.11404363336220713,
    "r2_std": 0.027465161939457812
  },
  "tvt": {
    "train": {
      "rmse_mean": 1.3379127970569755,
      "rmse_std": 0.044492693606000076,
      "rho_mean": 0.8925536188441628,
      "rho_std": 0.00922645562685509,
      "r2_mean": 0.5890640608594637,
      "r2_std": 0.018385807466661894
    },
    "val": {
      "rmse_mean": 1.960781915727605,
      "rmse_std": 0.1072732377494935,
      "rho_mean": 0.32850412989515454,
      "rho_std": 0.05223292767966079,
      "r2_mean": 0.09485412292591441,
      "r2_std": 0.0338094223813394
    },
    "test": {
      "rmse_mean": 1.9401741353979725,
      "rmse_std": 0.1090947091918814,
      "rho_mean": 0.3502838798179628,
      "rho_std": 0.05256634574679215,
      "r2_mean": 0.10479868870098642,
      "r2_std": 0.038050745253059494
    }
  }
}