{
  "strategy": "mean",
  "dim": 128,
  "n": 942,
  "valid": true,
  "loocv": {
    "rmse": 1.9501781802006781,
    "mae": 1.5499428072423624,
    "rho": 0.36664619266860327,
    "p_value": 2.4002703251306518e-31,
    "r2": 0.11903185341328315
  },
  "50x": {
    "rmse_mean": 1.9572777672819532,
    "rmse_std": 0.07095342063394772,
    "rho_mean": 0.37342361467859597,
    "rho_std": 0.045289155096528214,
    "r2_mean": 0.11623858664400259,
    "r2_std": 0.027395749317061645
  },
  "tvt": {
    "train": {
      "rmse_mean": 1.3354962674295234,
      "rmse_std": 0.04354271033632156,
      "rho_mean": 0.8909216314057748,
      "rho_std": 0.009002174810630818,
      "r2_mean": 0.5905716372948772,
      "r2_std": 0.01734364001553019
    },
    "val": {
      "rmse_mean": 1.9568436831888372,
      "rmse_std": 0.10649839872027232,
      "rho_mean": 0.3344369820459505,
      "rho_std": 0.05205436824093905,
      "r2_mean": 0.09849339782321813,
      "r2_std": 0.0326996794669301
    },
    "test": {
      "rmse_mean": 1.9353998535707981,
      "rmse_std": 0.1096206291794439,
      "rho_mean": 0.3574818573300178,
      "rho_std": 0.05292304191811565,
      "r2_mean": 0.10919687252566246,
      "r2_std": 0.03907473095870736
    }
  }
}