{
  "loocv_mean": {
    "rmse": 1.9501781802006781,
    "mae": 1.5499428072423624,
    "rho": 0.36664619266860327,
    "p_value": 2.4002703251306518e-31,
    "r2": 0.11903185341328315
  },
  "50x_mean": {
    "rmse_mean": 1.9572777672819532,
    "rmse_std": 0.07095342063394772,
    "rho_mean": 0.37342361467859597,
    "rho_std": 0.045289155096528214,
    "r2_mean": 0.11623858664400259,
    "r2_std": 0.027395749317061645
  },
  "tvt_train_mean": {
    "rmse_mean": 1.3354962674295234,
    "rmse_std": 0.04354271033632156,
    "rho_mean": 0.8909216314057748,
    "rho_std": 0.009002174810630818,
    "r2_mean": 0.5905716372948772,
    "r2_std": 0.01734364001553019
  },
  "tvt_val_mean": {
    "rmse_mean": 1.9568436831888372,
    "rmse_std": 0.10649839872027232,
    "rho_mean": 0.3344369820459505,
    "rho_std": 0.05205436824093905,
    "r2_mean": 0.09849339782321813,
    "r2_std": 0.0326996794669301
  },
  "tvt_test_mean": {
    "rmse_mean": 1.9353998535707981,
    "rmse_std": 0.1096206291794439,
    "rho_mean": 0.3574818573300178,
    "rho_std": 0.05292304191811565,
    "r2_mean": 0.10919687252566246,
    "r2_std": 0.03907473095870736
  },
  "loocv_max": {
    "rmse": 1.9623993909523145,
    "mae": 1.5581074875846148,
    "rho": 0.35260394748861823,
    "p_value": 5.819860762090187e-29,
    "r2": 0.1079557037777158
  },
  "50x_max": {
    "rmse_mean": 1.9679134764086632,
    "rmse_std": 0.07216317914633265,
    "rho_mean": 0.3605579300988343,
    "rho_std": 0.0432879858806946,
    "r2_mean": 0.10667733823450995,
    "r2_std": 0.026330991264899132
  },
  "tvt_train_max": {
    "rmse_mean": 1.3270745186102806,
    "rmse_std": 0.04243697149034789,
    "rho_mean": 0.9016853287561393,
    "rho_std": 0.0077700148873479005,
    "r2_mean": 0.5957637346353858,
    "r2_std": 0.015661439043654773
  },
  "tvt_val_max": {
    "rmse_mean": 1.9652602759626923,
    "rmse_std": 0.10268572417445859,
    "rho_mean": 0.32529061747255356,
    "rho_std": 0.05161427553591923,
    "r2_mean": 0.0906465457313146,
    "r2_std": 0.02940279871725027
  },
  "tvt_test_max": {
    "rmse_mean": 1.942366840437346,
    "rmse_std": 0.10617798296820977,
    "rho_mean": 0.3463411587143295,
    "rho_std": 0.050741023816636664,
    "r2_mean": 0.10274382206824778,
    "r2_std": 0.035381371182003775
  },
  "loocv_mean+max": {
    "rmse": 1.9557626029852777,
    "mae": 1.5549810661738708,
    "rho": 0.36201270174719585,
    "p_value": 1.5147158635943409e-30,
    "r2": 0.11397924588312847
  },
  "50x_mean+max": {
    "rmse_mean": 1.962333110789873,
    "rmse_std": 0.07126413231229031,
    "rho_mean": 0.3702642607106433,
    "rho_std": 0.04382838160023077,
    "r2_mean": 0.11172317935521406,
    "r2_std": 0.025840315762801002
  },
  "tvt_train_mean+max": {
    "rmse_mean": 1.2790707189190773,
    "rmse_std": 0.0422180351670163,
    "rho_mean": 0.9166036031095717,
    "rho_std": 0.006738869388633326,
    "r2_mean": 0.6245009953426195,
    "r2_std": 0.014649817184026843
  },
  "tvt_val_mean+max": {
    "rmse_mean": 1.960786789149303,
    "rmse_std": 0.10406688816366799,
    "rho_mean": 0.33149615737995425,
    "rho_std": 0.05064158114135243,
    "r2_mean": 0.0948387265213378,
    "r2_std": 0.02980066059642614
  },
  "tvt_test_mean+max": {
    "rmse_mean": 1.937961868300338,
    "rmse_std": 0.10748477731307647,
    "rho_mean": 0.35383177806881644,
    "rho_std": 0.052623823836739546,
    "r2_mean": 0.10684819186260217,
    "r2_std": 0.03619449017005768
  },
  "loocv_mean+std": {
    "rmse": 1.9640322971432715,
    "mae": 1.5613352999407633,
    "rho": 0.3479052242724929,
    "p_value": 3.4391423573978916e-28,
    "r2": 0.10647055178779852
  },
  "50x_mean+std": {
    "rmse_mean": 1.9732094701713252,
    "rmse_std": 0.06933493685120196,
    "rho_mean": 0.35506077841596484,
    "rho_std": 0.04407073610190299,
    "r2_mean": 0.10183194161657011,
    "r2_std": 0.024191080744858116
  },
  "tvt_train_mean+std": {
    "rmse_mean": 1.2813101099321975,
    "rmse_std": 0.04396181226259092,
    "rho_mean": 0.9257146376166346,
    "rho_std": 0.005830534903782539,
    "r2_mean": 0.623181093996985,
    "r2_std": 0.01568365298253745
  },
  "tvt_val_mean+std": {
    "rmse_mean": 1.9685761416610272,
    "rmse_std": 0.10442813387928551,
    "rho_mean": 0.3196443664015518,
    "rho_std": 0.054710211105893004,
    "r2_mean": 0.08766744389292287,
    "r2_std": 0.028953009618401748
  },
  "tvt_test_mean+std": {
    "rmse_mean": 1.946581698816515,
    "rmse_std": 0.10599475880087594,
    "rho_mean": 0.34310185418496864,
    "rho_std": 0.0529452337859338,
    "r2_mean": 0.09892922927656772,
    "r2_std": 0.03295799702683208
  },
  "loocv_attn_norm": {
    "rmse": 1.9473239212813,
    "mae": 1.5421587445830625,
    "rho": 0.3729163578766456,
    "p_value": 1.8902951292708962e-32,
    "r2": 0.12160871650241045
  },
  "50x_attn_norm": {
    "rmse_mean": 1.956542487536408,
    "rmse_std": 0.07187863705762258,
    "rho_mean": 0.37549712009080133,
    "rho_std": 0.04533510222884457,
    "r2_mean": 0.11689554249819978,
    "r2_std": 0.02858803195632184
  },
  "tvt_train_attn_norm": {
    "rmse_mean": 1.3250760251876208,
    "rmse_std": 0.04509158545203689,
    "rho_mean": 0.8929459508148645,
    "rho_std": 0.00838473643839962,
    "r2_mean": 0.5969148015781539,
    "r2_std": 0.01842643103723534
  },
  "tvt_val_attn_norm": {
    "rmse_mean": 1.9536085648543293,
    "rmse_std": 0.10635343449458813,
    "rho_mean": 0.3419359016077089,
    "rho_std": 0.05191709712211335,
    "r2_mean": 0.10153257610896557,
    "r2_std": 0.031204345889869978
  },
  "tvt_test_attn_norm": {
    "rmse_mean": 1.9275556907573375,
    "rmse_std": 0.11083279533840489,
    "rho_mean": 0.3694859285176317,
    "rho_std": 0.053338706747802986,
    "r2_mean": 0.11638055794267357,
    "r2_std": 0.04142127742741301
  },
  "loocv_attn_pca": {
    "rmse": 1.9566049769065037,
    "mae": 1.553153869619141,
    "rho": 0.35716161733627233,
    "p_value": 1.0092088326951544e-29,
    "r2": 0.11321583880117214
  },
  "50x_attn_pca": {
    "rmse_mean": 1.9643764412954514,
    "rmse_std": 0.07282657375582802,
    "rho_mean": 0.3619963739229044,
    "rho_std": 0.046183012883642724,
    "r2_mean": 0.10984766603860653,
    "r2_std": 0.02834152487634103
  },
  "tvt_train_attn_pca": {
    "rmse_mean": 1.3375487549067437,
    "rmse_std": 0.03829689737158893,
    "rho_mean": 0.8917046476216484,
    "rho_std": 0.008041356363291497,
    "r2_mean": 0.5893555831195468,
    "r2_std": 0.013653127188115883
  },
  "tvt_val_attn_pca": {
    "rmse_mean": 1.96197649845679,
    "rmse_std": 0.10300727990903046,
    "rho_mean": 0.3271620685915266,
    "rho_std": 0.04942958042422307,
    "r2_mean": 0.09369439008919464,
    "r2_std": 0.029834161964258952
  },
  "tvt_test_attn_pca": {
    "rmse_mean": 1.9385368035057715,
    "rmse_std": 0.10662287637917468,
    "rho_mean": 0.34961087816181086,
    "rho_std": 0.04971904155005017,
    "r2_mean": 0.10626352303240744,
    "r2_std": 0.03601089692490754
  },
  "loocv_trimmed_mean": {
    "rmse": 1.953808864079759,
    "mae": 1.5537817508112708,
    "rho": 0.3615451922939506,
    "p_value": 1.8210793936965876e-30,
    "r2": 0.11574856960857072
  },
  "50x_trimmed_mean": {
    "rmse_mean": 1.9597022632912264,
    "rmse_std": 0.07090419406289585,
    "rho_mean": 0.3712672326985046,
    "rho_std": 0.04612279458236804,
    "r2_mean": 0.11404363336220713,
    "r2_std": 0.027465161939457812
  },
  "tvt_train_trimmed_mean": {
    "rmse_mean": 1.3379127970569755,
    "rmse_std": 0.044492693606000076,
    "rho_mean": 0.8925536188441628,
    "rho_std": 0.00922645562685509,
    "r2_mean": 0.5890640608594637,
    "r2_std": 0.018385807466661894
  },
  "tvt_val_trimmed_mean": {
    "rmse_mean": 1.960781915727605,
    "rmse_std": 0.1072732377494935,
    "rho_mean": 0.32850412989515454,
    "rho_std": 0.05223292767966079,
    "r2_mean": 0.09485412292591441,
    "r2_std": 0.0338094223813394
  },
  "tvt_test_trimmed_mean": {
    "rmse_mean": 1.9401741353979725,