{
  "strategy": "layer_0",
  "dim": 128,
  "orig_dim": 128,
  "dim_desc": "128 (layer 0)",
  "pca_applied": false,
  "n_pockets": 17,
  "loocv": {
    "rmse": 2.6356022638764283,
    "rho": -0.004901960784313726,
    "p_value": 0.9851029592703198,
    "r2": -0.14057398714012104
  },
  "splits_50x": {
    "rmse_mean": 2.4750133533380256,
    "rmse_std": 0.8664324844969418,
    "rho_mean": 0.37142857142857144,
    "rho_std": 0.38264386383504473,
    "r2_mean": -0.9064278757518032,
    "r2_std": 1.6968937075322326
  }
}