{
  "strategy": "avg_all",
  "dim": 128,
  "orig_dim": 128,
  "dim_desc": "128 (uniform avg)",
  "pca_applied": false,
  "n_pockets": 17,
  "loocv": {
    "rmse": 2.786362731087997,
    "rho": -0.3651960784313726,
    "p_value": 0.14947236965165753,
    "r2": -0.27479110315916433
  },
  "splits_50x": {
    "rmse_mean": 2.5594601003326845,
    "rmse_std": 0.8804333110225349,
    "rho_mean": 0.029714285714285707,
    "rho_std": 0.319078264342011,
    "r2_mean": -1.027385976022438,
    "r2_std": 1.7132873591569957
  }
}