{
  "layer_0": {
    "strategy": "layer_0",
    "dim": 128,
    "orig_dim": 128,
    "dim_desc": "128 (layer 0)",
    "pca_applied": false,
    "n_pockets": 17,
    "loocv": {
      "rmse": 2.6356022638764283,
      "rho": -0.004901960784313726,
      "p_value": 0.9851029592703198,
      "r2": -0.14057398714012104
    },
    "splits_50x": {
      "rmse_mean": 2.4750133533380256,
      "rmse_std": 0.8664324844969418,
      "rho_mean": 0.37142857142857144,
      "rho_std": 0.38264386383504473,
      "r2_mean": -0.9064278757518032,
      "r2_std": 1.6968937075322326
    }
  },
  "layer_1": {
    "strategy": "layer_1",
    "dim": 128,
    "orig_dim": 128,
    "dim_desc": "128 (layer 1)",
    "pca_applied": false,
    "n_pockets": 17,
    "loocv": {
      "rmse": 2.757632738914078,
      "rho": -0.1936274509803922,
      "p_value": 0.45649692854875445,
      "r2": -0.24863806827511659
    },
    "splits_50x": {
      "rmse_mean": 2.536730782592557,
      "rmse_std": 0.8819498638932959,
      "rho_mean": 0.2925714285714286,
      "rho_std": 0.4035580528756877,
      "r2_mean": -0.9699662810406692,
      "r2_std": 1.6116846889121235
    }
  },
  "layer_2": {
    "strategy": "layer_2",
    "dim": 128,
    "orig_dim": 128,
    "dim_desc": "128 (layer 2)",
    "pca_applied": false,
    "n_pockets": 17,
    "loocv": {
      "rmse": 2.767846018086244,
      "rho": -0.2573529411764706,
      "p_value": 0.3186676476453986,
      "r2": -0.25790420780229595
    },
    "splits_50x": {
      "rmse_mean": 2.547467830416994,
      "rmse_std": 0.8805949402856251,
      "rho_mean": 0.21142857142857147,
      "rho_std": 0.44615362962155736,
      "r2_mean": -0.9962449957041362,
      "r2_std": 1.663305471736116
    }
  },
  "layer_3": {
    "strategy": "layer_3",
    "dim": 128,
    "orig_dim": 128,
    "dim_desc": "128 (layer 3)",
    "pca_applied": false,
    "n_pockets": 17,
    "loocv": {
      "rmse": 2.780943372819535,
      "rho": -0.37254901960784315,
      "p_value": 0.14083572189262192,
      "r2": -0.2698370954061742
    },
    "splits_50x": {
      "rmse_mean": 2.5566659709300987,
      "rmse_std": 0.8827094885400175,
      "rho_mean": 0.08800000000000002,
      "rho_std": 0.4058285553365246,
      "r2_mean": -1.016301429902116,
      "r2_std": 1.696451804608164
    }
  },
  "layer_4": {
    "strategy": "layer_4",
    "dim": 128,
    "orig_dim": 128,
    "dim_desc": "128 (layer 4)",
    "pca_applied": false,
    "n_pockets": 17,
    "loocv": {
      "rmse": 2.783314822339703,
      "rho": -0.37500000000000006,
      "p_value": 0.13803484396804858,
      "r2": -0.2720037260297059
    },
    "splits_50x": {
      "rmse_mean": 2.5579097084963096,
      "rmse_std": 0.8833812048068292,
      "rho_mean": -0.0011428571428571488,
      "rho_std": 0.3487568593429748,
      "r2_mean": -1.0212826874229657,
      "r2_std": 1.7155406924584398
    }
  },
  "layer_5": {
    "strategy": "layer_5",
    "dim": 128,
    "orig_dim": 128,
    "dim_desc": "128 (layer 5)",
    "pca_applied": false,
    "n_pockets": 17,
    "loocv": {
      "rmse": 2.7870254792669384,
      "rho": -0.36764705882352944,
      "p_value": 0.14655429178401483,
      "r2": -0.27539760420810455
    },
    "splits_50x": {
      "rmse_mean": 2.5608945208063636,
      "rmse_std": 0.8844353335906329,
      "rho_mean": -0.0034285714285714297,
      "rho_std": 0.3481796393020272,
      "r2_mean": -1.0268134686087682,
      "r2_std": 1.7180862096132319
    }
  },
  "layer_6": {
    "strategy": "layer_6",
    "dim": 128,
    "orig_dim": 128,
    "dim_desc": "128 (layer 6)",
    "pca_applied": false,
    "n_pockets": 17,
    "loocv": {
      "rmse": 2.79705656387031,
      "rho": -0.31127450980392163,
      "p_value": 0.2239239360724044,
      "r2": -0.2845949687952394
    },
    "splits_50x": {
      "rmse_mean": 2.5660410390053996,
      "rmse_std": 0.8833953098837519,
      "rho_mean": -0.042285714285714295,
      "rho_std": 0.3093239501274497,
      "r2_mean": -1.0388796261033848,
      "r2_std": 1.7223675837047154
    }
  },
  "layer_7": {
    "strategy": "layer_7",
    "dim": 128,
    "orig_dim": 128,
    "dim_desc": "128 (layer 7)",
    "pca_applied": false,
    "n_pockets": 17,
    "loocv": {
      "rmse": 2.8019091493074013,
      "rho": -0.4093137254901961,
      "p_value": 0.10278434681514409,
      "r2": -0.289056097132637
    },
    "splits_50x": {
      "rmse_mean": 2.5676126722490333,
      "rmse_std": 0.8813498371441096,
      "rho_mean": -0.08228571428571431,
      "rho_std": 0.33949013390731725,
      "r2_mean": -1.045105112727403,
      "r2_std": 1.726818372508757
    }
  },
  "layer_8": {
    "strategy": "layer_8",
    "dim": 128,
    "orig_dim": 128,
    "dim_desc": "128 (layer 8)",
    "pca_applied": false,
    "n_pockets": 17,
    "loocv": {
      "rmse": 2.792042827049196,
      "rho": -0.34313725490196084,
      "p_value": 0.1775307396809928,
      "r2": -0.2799938114523084
    },
    "splits_50x": {
      "rmse_mean": 2.5618108911977306,
      "rmse_std": 0.8773353597019572,
      "rho_mean": 0.01600000000000001,
      "rho_std": 0.3145017439359844,
      "r2_mean": -1.0378599410815834,
      "r2_std": 1.722736943109043
    }
  },
  "layer_9": {
    "strategy": "layer_9",
    "dim": 128,
    "orig_dim": 128,
    "dim_desc": "128 (layer 9)",
    "pca_applied": false,
    "n_pockets": 17,
    "loocv": {
      "rmse": 2.7950012924801433,
      "rho": -0.37990196078431376,
      "p_value": 0.13254890262758873,
      "r2": -0.2827078269205605
    },
    "splits_50x": {
      "rmse_mean": 2.5634647149199274,
      "rmse_std": 0.875580906001354,
      "rho_mean": 9.992007221626408e-18,
      "rho_std": 0.34442498664959176,
      "r2_mean": -1.041748741112685,
      "r2_std": 1.7293859544250938
    }
  },
  "last_2": {
    "strategy": "last_2",
    "dim": 256,
    "orig_dim": 256,
    "dim_desc": "256 (last 2 layers)",
    "pca_applied": false,
    "n_pockets": 17,
    "loocv": {
      "rmse": 2.7817543264908697,
      "rho": -0.39460784313725494,
      "p_value": 0.11700232160229737,
      "r2": -0.27057780031374734
    },
    "splits_50x": {
      "rmse_mean": 2.56262747508874,
      "rmse_std": 0.8752818536626423,
      "rho_mean": -0.005714285714285708,
      "rho_std": 0.33437117344749245,
      "r2_mean": -1.045576000711213,
      "r2_std": 1.744248699650594
    }
  },
  "last_3": {
    "strategy": "last_3",
    "dim": 16,
    "orig_dim": 384,
    "dim_desc": "384 (last 3 layers) \u2192 PCA(16, 100.0% var)",
    "pca_applied": true,
    "n_pockets": 17,
    "loocv": {
      "rmse": 2.7748455606257862,
      "rho": -1.0,
      "p_value": 0.0,
      "r2": -0.26427442278259217
    },
    "splits_50x": {
      "rmse_mean": 2.521792761004737,
      "rmse_std": 0.8884068662500726,
      "rho_mean": null,
      "rho_std": null,
      "r2_mean": -0.9398712867380101,
      "r2_std": 1.5934265448618512
    }
  },
  "last_4": {
    "strategy": "last_4",
    "dim": 16,
    "orig_dim": 512,
    "dim_desc": "512 (last 4 layers) \u2192 PCA(16, 100.0% var)",
    "pca_applied": true,
    "n_pockets": 17,
    "loocv": {
      "rmse": 2.774845308738545,
      "rho": -1.0,
      "p_value": 0.0,
      "r2": -0.2642741932530017
    },
    "splits_50x": {
      "rmse_mean": 2.5217927665357203,
      "rmse_std": 0.8884068027112598,
      "rho_mean": null,
      "rho_std": null,
      "r2_mean": -0.9398712901192892,
      "r2_std": 1.5934261821185243
    }
  },
  "last_5": {
    "strategy": "last_5",
    "dim": 16,
    "orig_dim": 640,
    "dim_desc": "640 (last 5 layers) \u2192 PCA(16, 100.0% var)",
    "pca_applied": true,
    "n_pockets": 17,
    "loocv": {
      "rmse": 2.7748453650619287,
      "rho": -1.0,
      "p_value": 0.0,
      "r2": -0.2642742445770889
    },
    "splits_50x": {
      "rmse_mean": 2.521792771276877,
      "rmse_std": 0.8884067958647935,
      "rho_mean": null,
      "rho_std": null,
      "r2_mean": -0.9398713058295733,
      "r2_std": 1.5934261781300916
    }
  },