{
  "strategy": "layer_9",
  "dim": 128,
  "orig_dim": 128,
  "dim_desc": "128 (layer 9)",
  "pca_applied": false,
  "n_pockets": 17,
  "loocv": {
    "rmse": 2.7950012924801433,
    "rho": -0.37990196078431376,
    "p_value": 0.13254890262758873,
    "r2": -0.2827078269205605
  },
  "splits_50x": {
    "rmse_mean": 2.5634647149199274,
    "rmse_std": 0.875580906001354,
    "rho_mean": 9.992007221626408e-18,
    "rho_std": 0.34442498664959176,
    "r2_mean": -1.041748741112685,
    "r2_std": 1.7293859544250938
  }
}