{
  "strategy": "layer_8",
  "dim": 128,
  "orig_dim": 128,
  "dim_desc": "128 (layer 8)",
  "pca_applied": false,
  "n_pockets": 17,
  "loocv": {
    "rmse": 2.792042827049196,
    "rho": -0.34313725490196084,
    "p_value": 0.1775307396809928,
    "r2": -0.2799938114523084
  },
  "splits_50x": {
    "rmse_mean": 2.5618108911977306,
    "rmse_std": 0.8773353597019572,
    "rho_mean": 0.01600000000000001,
    "rho_std": 0.3145017439359844,
    "r2_mean": -1.0378599410815834,
    "r2_std": 1.722736943109043
  }
}