{
  "strategy": "skip_0_9",
  "dim": 256,
  "orig_dim": 256,
  "dim_desc": "256 (skip: layer 0 + last)",
  "pca_applied": false,
  "n_pockets": 17,
  "loocv": {
    "rmse": 2.7331568394016013,
    "rho": -0.44117647058823534,
    "p_value": 0.07627668292313648,
    "r2": -0.2265713789397783
  },
  "splits_50x": {
    "rmse_mean": 2.5351543161388777,
    "rmse_std": 0.8752931574791327,
    "rho_mean": 0.1862857142857143,
    "rho_std": 0.39499894084073967,
    "r2_mean": -0.9952837739176611,
    "r2_std": 1.7048550576422845
  }
}