{
  "strategy": "last_2",
  "dim": 256,
  "orig_dim": 256,
  "dim_desc": "256 (last 2 layers)",
  "pca_applied": false,
  "n_pockets": 17,
  "loocv": {
    "rmse": 2.7817543264908697,
    "rho": -0.39460784313725494,
    "p_value": 0.11700232160229737,
    "r2": -0.27057780031374734
  },
  "splits_50x": {
    "rmse_mean": 2.56262747508874,
    "rmse_std": 0.8752818536626423,
    "rho_mean": -0.005714285714285708,
    "rho_std": 0.33437117344749245,
    "r2_mean": -1.045576000711213,
    "r2_std": 1.744248699650594
  }
}