{
  "strategy": "layer_1",
  "dim": 128,
  "orig_dim": 128,
  "dim_desc": "128 (layer 1)",
  "pca_applied": false,
  "n_pockets": 17,
  "loocv": {
    "rmse": 2.757632738914078,
    "rho": -0.1936274509803922,
    "p_value": 0.45649692854875445,
    "r2": -0.24863806827511659
  },
  "splits_50x": {
    "rmse_mean": 2.536730782592557,
    "rmse_std": 0.8819498638932959,
    "rho_mean": 0.2925714285714286,
    "rho_std": 0.4035580528756877,
    "r2_mean": -0.9699662810406692,
    "r2_std": 1.6116846889121235
  }
}