{
  "strategy": "layer_7",
  "dim": 128,
  "orig_dim": 128,
  "dim_desc": "128 (layer 7)",
  "pca_applied": false,
  "n_pockets": 17,
  "loocv": {
    "rmse": 2.8019091493074013,
    "rho": -0.4093137254901961,
    "p_value": 0.10278434681514409,
    "r2": -0.289056097132637
  },
  "splits_50x": {
    "rmse_mean": 2.5676126722490333,
    "rmse_std": 0.8813498371441096,
    "rho_mean": -0.08228571428571431,
    "rho_std": 0.33949013390731725,
    "r2_mean": -1.045105112727403,
    "r2_std": 1.726818372508757
  }
}