{
  "strategy": "last_4",
  "dim": 16,
  "orig_dim": 512,
  "dim_desc": "512 (last 4 layers) \u2192 PCA(16, 100.0% var)",
  "pca_applied": true,
  "n_pockets": 17,
  "loocv": {
    "rmse": 2.774845308738545,
    "rho": -1.0,
    "p_value": 0.0,
    "r2": -0.2642741932530017
  },
  "splits_50x": {
    "rmse_mean": 2.5217927665357203,
    "rmse_std": 0.8884068027112598,
    "rho_mean": null,
    "rho_std": null,
    "r2_mean": -0.9398712901192892,
    "r2_std": 1.5934261821185243
  }
}