{
  "strategy": "layer_6",
  "dim": 128,
  "orig_dim": 128,
  "dim_desc": "128 (layer 6)",
  "pca_applied": false,
  "n_pockets": 17,
  "loocv": {
    "rmse": 2.79705656387031,
    "rho": -0.31127450980392163,
    "p_value": 0.2239239360724044,
    "r2": -0.2845949687952394
  },
  "splits_50x": {
    "rmse_mean": 2.5660410390053996,
    "rmse_std": 0.8833953098837519,
    "rho_mean": -0.042285714285714295,
    "rho_std": 0.3093239501274497,
    "r2_mean": -1.0388796261033848,
    "r2_std": 1.7223675837047154
  }
}