{
  "strategy": "layer_2",
  "dim": 128,
  "orig_dim": 128,
  "dim_desc": "128 (layer 2)",
  "pca_applied": false,
  "n_pockets": 17,
  "loocv": {
    "rmse": 2.767846018086244,
    "rho": -0.2573529411764706,
    "p_value": 0.3186676476453986,
    "r2": -0.25790420780229595
  },
  "splits_50x": {
    "rmse_mean": 2.547467830416994,
    "rmse_std": 0.8805949402856251,
    "rho_mean": 0.21142857142857147,
    "rho_std": 0.44615362962155736,
    "r2_mean": -0.9962449957041362,
    "r2_std": 1.663305471736116
  }
}