{
  "strategy": "layer_5",
  "dim": 128,
  "orig_dim": 128,
  "dim_desc": "128 (layer 5)",
  "pca_applied": false,
  "n_pockets": 17,
  "loocv": {
    "rmse": 2.7870254792669384,
    "rho": -0.36764705882352944,
    "p_value": 0.14655429178401483,
    "r2": -0.27539760420810455
  },
  "splits_50x": {
    "rmse_mean": 2.5608945208063636,
    "rmse_std": 0.8844353335906329,
    "rho_mean": -0.0034285714285714297,
    "rho_std": 0.3481796393020272,
    "r2_mean": -1.0268134686087682,
    "r2_std": 1.7180862096132319
  }
}