{
  "strategy": "last_5",
  "dim": 16,
  "orig_dim": 640,
  "dim_desc": "640 (last 5 layers) \u2192 PCA(16, 100.0% var)",
  "pca_applied": true,
  "n_pockets": 17,
  "loocv": {
    "rmse": 2.7748453650619287,
    "rho": -1.0,
    "p_value": 0.0,
    "r2": -0.2642742445770889
  },
  "splits_50x": {
    "rmse_mean": 2.521792771276877,
    "rmse_std": 0.8884067958647935,
    "rho_mean": null,
    "rho_std": null,
    "r2_mean": -0.9398713058295733,
    "r2_std": 1.5934261781300916
  }
}