{
  "strategy": "layer_3",
  "dim": 128,
  "orig_dim": 128,
  "dim_desc": "128 (layer 3)",
  "pca_applied": false,
  "n_pockets": 17,
  "loocv": {
    "rmse": 2.780943372819535,
    "rho": -0.37254901960784315,
    "p_value": 0.14083572189262192,
    "r2": -0.2698370954061742
  },
  "splits_50x": {
    "rmse_mean": 2.5566659709300987,
    "rmse_std": 0.8827094885400175,
    "rho_mean": 0.08800000000000002,
    "rho_std": 0.4058285553365246,
    "r2_mean": -1.016301429902116,
    "r2_std": 1.696451804608164
  }
}