{
  "strategy": "layer_4",
  "dim": 128,
  "orig_dim": 128,
  "dim_desc": "128 (layer 4)",
  "pca_applied": false,
  "n_pockets": 17,
  "loocv": {
    "rmse": 2.783314822339703,
    "rho": -0.37500000000000006,
    "p_value": 0.13803484396804858,
    "r2": -0.2720037260297059
  },
  "splits_50x": {
    "rmse_mean": 2.5579097084963096,
    "rmse_std": 0.8833812048068292,
    "rho_mean": -0.0011428571428571488,
    "rho_std": 0.3487568593429748,
    "r2_mean": -1.0212826874229657,
    "r2_std": 1.7155406924584398
  }
}