{
  "strategy": "weighted_avg",
  "dim": 128,
  "orig_dim": 128,
  "dim_desc": "128 (depth-weighted avg)",
  "pca_applied": false,
  "n_pockets": 17,
  "loocv": {
    "rmse": 2.7911828738177316,
    "rho": -0.34068627450980393,
    "p_value": 0.18085079957050149,
    "r2": -0.2792054529860324
  },
  "splits_50x": {
    "rmse_mean": 2.561662828817627,
    "rmse_std": 0.8804172770580988,
    "rho_mean": 0.017142857142857137,
    "rho_std": 0.314233761939829,
    "r2_mean": -1.0322032809352573,
    "r2_std": 1.716592029060646
  }
}