{
  "single_split": {
    "n_train": 559,
    "n_val": 186,
    "n_test": 187,
    "train": {
      "rmse": 1.2468348741531372,
      "mae": 0.9946114420890808,
      "rho": 0.9825522243825071,
      "p_val": 0.0,
      "r2": 0.6258094906806946
    },
    "val": {
      "rmse": 2.003054618835449,
      "mae": 1.5998889207839966,
      "rho": 0.1758485432989206,
      "p_val": 0.016358125696835403,
      "r2": 0.01695549488067627
    },
    "test": {
      "rmse": 2.2452328205108643,
      "mae": 1.8313368558883667,
      "rho": 0.08174487931496395,
      "p_val": 0.2660471929369036,
      "r2": 0.011776506900787354
    },
    "train_pred_range": [
      5.028987884521484,
      10.391124725341797
    ],
    "val_pred_range": [
      6.501643180847168,
      7.239450454711914
    ],
    "test_pred_range": [
      6.407650947570801,
      7.237566947937012
    ]
  },
  "repeated_30x": {
    "train": {
      "rmse_mean": 1.27005136013031,
      "rmse_std": 0.03587803617119789,
      "rho_mean": 0.988504530971411,
      "rho_std": 0.003290813397523497,
      "r2_mean": 0.6298341155052185,
      "r2_std": 0.007851317524909973
    },
    "val": {
      "rmse_mean": 2.0164012908935547,
      "rmse_std": 0.09229596704244614,
      "rho_mean": 0.14429525057890116,
      "rho_std": 0.06021000057122045,
      "r2_mean": 0.007404047064483166,
      "r2_std": 0.011442395858466625
    },
    "test": {
      "rmse_mean": 2.092533826828003,
      "rmse_std": 0.10248957574367523,
      "rho_mean": 0.14649957882945638,
      "rho_std": 0.04760782173492268,
      "r2_mean": 0.01162952184677124,
      "r2_std": 0.01164340041577816
    }
  }
}