{
  "train": {
    "rmse": 1.2747271060943604,
    "mae": 1.032379150390625,
    "nll": 1.6771668195724487,
    "r2": 0.5080893039703369,
    "spearman_rho": 0.7147058823529412,
    "spearman_p": 0.0018627410999474353,
    "pearson_r": 0.8671714663505554,
    "pearson_p": 1.3670015807652685e-05,
    "coverage_95": 1.0,
    "ci_width": 5.412901878356934,
    "n": 16
  },
  "val": {
    "rmse": 2.7404282093048096,
    "mae": 2.134657382965088,
    "nll": 3.219907760620117,
    "r2": -1.1643948554992676,
    "spearman_rho": -0.39999999999999997,
    "spearman_p": 0.6,
    "pearson_r": -0.6259272694587708,
    "pearson_p": 0.374072790145874,
    "coverage_95": 0.75,
    "ci_width": 5.433079719543457,
    "n": 4
  },
  "test": {
    "rmse": 3.3372864723205566,
    "mae": 2.698120594024658,
    "nll": 4.269747734069824,
    "r2": -16.50318717956543,
    "spearman_rho": -0.7999999999999999,
    "spearman_p": 0.20000000000000007,
    "pearson_r": -0.8620967268943787,
    "pearson_p": 0.13790321350097656,
    "coverage_95": 0.5,
    "ci_width": 5.812148094177246,
    "n": 4
  },
  "all": {
    "rmse": 2.0472397804260254,
    "mae": 1.493715763092041,
    "nll": 2.366387128829956,
    "r2": -0.06799662113189697,
    "spearman_rho": 0.46956521739130425,
    "spearman_p": 0.020609713704158844,
    "pearson_r": 0.48913702368736267,
    "pearson_p": 0.01527885510931684,
    "coverage_95": 0.875,
    "ci_width": 5.4828057289123535,
    "n": 24
  },
  "training_time_s": 1784.3,
  "n_epochs": 300,
  "final_train_loss": 2.0723783683776857,
  "final_val_loss": 16.452699661254883,
  "best_val_loss_epoch": 28,
  "best_val_loss": 7.231991291046143
}