{
  "train_pockets": [
    "SQHC_ALIAD_1_631_0",
    "GUX1_HYPJE_18_451_0",
    "BSD_ASPTE_1_130_0",
    "CD38_HUMAN_44_300_0",
    "F16P1_HUMAN_1_338_0",
    "COAA_MYCTU_1_312_0",
    "AKT1_HUMAN_1_137_0",
    "MURA_ECOLI_1_419_catalytic_0",
    "ACE_HUMAN_650_1230_0",
    "GSTP1_HUMAN_2_210_0",
    "RG1_RAUSE_1_513_0",
    "CDK6_HUMAN_1_312_0",
    "GLMU_STRPN_2_459_0",
    "PAC_ECOLX_27_846_0",
    "Y635_MYCTU_1_158_0",
    "NEP_HUMAN_54_750_0"
  ],
  "val_pockets": [
    "DYRK2_HUMAN_145_550_0",
    "LMBL1_HUMAN_198_526_0",
    "PPIA_HUMAN_1_165_0",
    "VAOX_PENSI_1_560_0"
  ],
  "test_pockets": [
    "IMA1_HUMAN_68_497_0",
    "PHP_SULSO_1_314_0",
    "CHIB1_ASPFM_39_433_0",
    "DFPA_LOLVU_2_314_0"
  ],
  "train_pkd": [
    6.882958889007568,
    4.356546878814697,
    4.677780628204346,
    3.859740734100342,
    7.169886589050293,
    6.369833946228027,
    8.088138580322266,
    4.424742698669434,
    8.69298267364502,
    3.276611328125,
    6.6575775146484375,
    6.247011184692383,
    3.9586071968078613,
    3.488938570022583,
    4.86431884765625,
    8.963394165039062
  ],
  "val_pkd": [
    6.886056900024414,
    5.301030158996582,
    1.8712198734283447,
    5.677781105041504
  ],
  "test_pkd": [
    2.254375457763672,
    2.109020471572876,
    3.6189937591552734,
    3.903090000152588
  ]
}