{
  "ECFP4-128": {
    "n": 24,
    "d_orig": 128,
    "type": "binary",
    "d_pca": 20,
    "pca_var_explained": 0.9883348941802979,
    "loocv_matern": {
      "rmse": 3.5261521339416504,
      "mae": 3.14870285987854,
      "nll": 2.979877233505249,
      "r2": -2.1683602333068848,
      "spearman_rho": -0.27999999999999997,
      "spearman_p": 0.1851120536513263,
      "pearson_r": -0.10436197370290756,
      "coverage_95": 0.7083333333333334,
      "noise": 2.602231979370117,
      "n": 24
    },
    "loocv_tanimoto": {
      "rmse": 2.217588186264038,
      "mae": 1.8150043487548828,
      "nll": 2.2481539249420166,
      "r2": -0.2531245946884155,
      "spearman_rho": -0.3652173913043478,
      "spearman_p": 0.07927989061008897,
      "pearson_r": -0.07250046730041504,
      "coverage_95": 0.9166666666666666,
      "noise": 3.2354068756103516,
      "n": 24
    },
    "repeated_split": {
      "rmse": {
        "mean": 2.4080395619074504,
        "std": 0.3862729319983932
      },
      "r2": {
        "mean": -0.7434165040651958,
        "std": 0.8793586526187734
      },
      "spearman_rho": {
        "mean": -0.21190476190476193,
        "std": 0.3117502343491983
      },
      "coverage_95": {
        "mean": 0.9285714285714287,
        "std": 0.095831484749991
      }
    }
  },
  "ECFP4-2048": {
    "n": 24,
    "d_orig": 2048,
    "type": "binary",
    "d_pca": 20,
    "pca_var_explained": 0.927858829498291,
    "loocv_matern": {
      "rmse": 5.517890930175781,
      "mae": 5.150026798248291,
      "nll": 4.623223304748535,
      "r2": -6.758517265319824,
      "spearman_rho": 0.31277162108561213,
      "spearman_p": 0.13672642331650967,
      "pearson_r": 0.2577844262123108,
      "coverage_95": 0.4583333333333333,
      "noise": 2.652217388153076,
      "n": 24
    },
    "loocv_tanimoto": {
      "rmse": 2.4348273277282715,
      "mae": 2.1127054691314697,
      "nll": 2.351395606994629,
      "r2": -0.5106672048568726,
      "spearman_rho": -0.3,
      "spearman_p": 0.1543630091360108,
      "pearson_r": -0.014163278043270111,
      "coverage_95": 0.9583333333333334,
      "noise": 3.103748321533203,
      "n": 24
    },
    "repeated_split": {
      "rmse": {
        "mean": 2.477851124604543,
        "std": 0.5702756249786326
      },
      "r2": {
        "mean": -0.7891050378481547,
        "std": 0.9559316546845584
      },
      "spearman_rho": {
        "mean": NaN,
        "std": NaN
      },
      "coverage_95": {
        "mean": 0.8857142857142858,
        "std": 0.11308897225750399
      }
    }
  },
  "ECFP6-2048": {
    "n": 24,
    "d_orig": 2048,
    "type": "binary",
    "d_pca": 20,
    "pca_var_explained": 0.9381462335586548,
    "loocv_matern": {
      "rmse": 5.517890930175781,
      "mae": 5.150026798248291,
      "nll": 4.623223304748535,
      "r2": -6.758517265319824,
      "spearman_rho": 0.31277162108561213,
      "spearman_p": 0.13672642331650967,
      "pearson_r": 0.2577844262123108,
      "coverage_95": 0.4583333333333333,
      "noise": 2.652217388153076,
      "n": 24
    },
    "loocv_tanimoto": {
      "rmse": 2.4928369522094727,
      "mae": 2.1827948093414307,
      "nll": 2.3781187534332275,
      "r2": -0.583507776260376,
      "spearman_rho": -0.3208695652173913,
      "spearman_p": 0.12632163923076095,
      "pearson_r": -0.0119791179895401,
      "coverage_95": 0.9583333333333334,
      "noise": 3.072927951812744,
      "n": 24
    },
    "repeated_split": {
      "rmse": {
        "mean": 2.477851124604543,
        "std": 0.5702756249786326
      },
      "r2": {
        "mean": -0.7891050378481547,
        "std": 0.9559316546845584
      },
      "spearman_rho": {
        "mean": NaN,
        "std": NaN
      },
      "coverage_95": {
        "mean": 0.8857142857142858,
        "std": 0.11308897225750399
      }
    }
  },
  "FCFP4-2048": {
    "n": 24,
    "d_orig": 2048,
    "type": "binary",
    "d_pca": 20,
    "pca_var_explained": 0.9396693110466003,
    "loocv_matern": {
      "rmse": 5.3962907791137695,
      "mae": 4.977699279785156,
      "nll": 4.505193710327148,
      "r2": -6.4203290939331055,
      "spearman_rho": 0.14357134675442415,
      "spearman_p": 0.5033129377875696,
      "pearson_r": -0.08274425566196442,
      "coverage_95": 0.5,
      "noise": 2.650641918182373,
      "n": 24
    },
    "loocv_tanimoto": {
      "rmse": 2.310765027999878,
      "mae": 1.9684218168258667,
      "nll": 2.292213201522827,
      "r2": -0.36064255237579346,
      "spearman_rho": -0.23130434782608694,
      "spearman_p": 0.2768178964626149,
      "pearson_r": 0.02090977132320404,
      "coverage_95": 0.9583333333333334,
      "noise": 3.1380414962768555,
      "n": 24
    },
    "repeated_split": {
      "rmse": {
        "mean": 2.4805863817532856,
        "std": 0.5746437281269046
      },
      "r2": {
        "mean": -0.7933540205160777,
        "std": 0.9653829278683412
      },
      "spearman_rho": {
        "mean": -0.09653279409539613,
        "std": 0.2568113101120779
      },
      "coverage_95": {
        "mean": 0.8857142857142858,
        "std": 0.11308897225750399
      }
    }
  },
  "RDKit-2D": {
    "n": 24,
    "d_orig": 217,
    "type": "continuous",
    "d_pca": 20,
    "pca_var_explained": 0.9868912100791931,
    "loocv_matern": {
      "rmse": 3.468733549118042,
      "mae": 3.0315492153167725,
      "nll": 2.9248783588409424,
      "r2": -2.0660157203674316,
      "spearman_rho": -0.14782608695652172,
      "spearman_p": 0.49061007074296015,
      "pearson_r": -0.07841971516609192,
      "coverage_95": 0.75,
      "noise": 2.6287193298339844,
      "n": 24
    },
    "repeated_split": {
      "rmse": {
        "mean": 2.399123458067576,
        "std": 0.4918800528726352
      },
      "r2": {
        "mean": -0.7022759000460307,
        "std": 0.8880433576481697
      },
      "spearman_rho": {
        "mean": -0.0376984126984127,
        "std": 0.39938164758576417
      },
      "coverage_95": {
        "mean": 0.9095238095238096,
        "std": 0.08637312927246217
      }
    }
  },
  "Combined": {
    "n": 24,
    "d_orig": 2265,
    "type": "mixed",
    "d_pca": 20,
    "pca_var_explained": 0.9256367683410645,
    "loocv_matern": {
      "rmse": 5.517890930175781,
      "mae": 5.150026798248291,
      "nll": 4.623223304748535,
      "r2": -6.758517265319824,
      "spearman_rho": 0.31277162108561213,
      "spearman_p": 0.13672642331650967,
      "pearson_r": 0.2577844262123108,
      "coverage_95": 0.4583333333333333,
      "noise": 2.652217388153076,
      "n": 24
    },
    "repeated_split": {
      "rmse": {
        "mean": 2.477851124604543,
        "std": 0.5702756249786326
      },
      "r2": {
        "mean": -0.7891050378481547,
        "std": 0.9559316546845584
      },
      "spearman_rho": {
        "mean": NaN,
        "std": NaN
      },
      "coverage_95": {
        "mean": 0.8857142857142858,
        "std": 0.11308897225750399
      }
    }
  }
}