fold,seed,n_train,n_val,val_pct,train_pkd_mean,val_pkd_mean,ks_statistic,ks_p_value,pass
0,42,16108,2372,12.835497835497836,6.382739511076856,6.39310704009244,0.022462731536831315,0.24400136044916698,True
1,43,16253,2227,12.0508658008658,6.382943833956759,6.392290889189977,0.020470428988675404,0.37937089192341233,True
2,44,16159,2321,12.55952380952381,6.376448301290043,6.437134788013558,0.025444127654419973,0.14207081308475333,True
3,45,16211,2269,12.278138528138529,6.381006809221582,6.405957055634294,0.027891763094769484,0.08874661106594384,True
4,50,16102,2378,12.867965367965366,6.385684107478491,6.373142323341714,0.027280251558635005,0.08987571256632843,True
